linear_index,brick_x,brick_y,brick_z
493599,99,5,67
493600,100,5,67
493601,101,5,67
493602,102,5,67
493603,103,5,67
493604,104,5,67
493605,105,5,67
493606,106,5,67
493607,107,5,67
493608,108,5,67
493609,109,5,67
493610,110,5,67
493809,99,6,67
493810,100,6,67
493811,101,6,67
493812,102,6,67
493813,103,6,67
493814,104,6,67
493815,105,6,67
493816,106,6,67
493817,107,6,67
493818,108,6,67
493819,109,6,67
493820,110,6,67
494019,99,7,67
494020,100,7,67
494021,101,7,67
494022,102,7,67
494023,103,7,67
494024,104,7,67
494025,105,7,67
494026,106,7,67
494027,107,7,67
494028,108,7,67
494029,109,7,67
494030,110,7,67
494229,99,8,67
494230,100,8,67
494231,101,8,67
494232,102,8,67
494233,103,8,67
494234,104,8,67
494235,105,8,67
494236,106,8,67
494237,107,8,67
494238,108,8,67
494239,109,8,67
494240,110,8,67
494439,99,9,67
494440,100,9,67
494441,101,9,67
494442,102,9,67
494443,103,9,67
494444,104,9,67
494445,105,9,67
494446,106,9,67
494447,107,9,67
494448,108,9,67
494449,109,9,67
494450,110,9,67
500949,99,5,68
500950,100,5,68
500951,101,5,68
500952,102,5,68
500953,103,5,68
500954,104,5,68
500955,105,5,68
500956,106,5,68
500957,107,5,68
500958,108,5,68
500959,109,5,68
500960,110,5,68
501159,99,6,68
501160,100,6,68
501161,101,6,68
501162,102,6,68
501163,103,6,68
501164,104,6,68
501165,105,6,68
501166,106,6,68
501167,107,6,68
501168,108,6,68
501169,109,6,68
501170,110,6,68
501369,99,7,68
501370,100,7,68
501371,101,7,68
501372,102,7,68
501373,103,7,68
501374,104,7,68
501375,105,7,68
501376,106,7,68
501377,107,7,68
501378,108,7,68
501379,109,7,68
501380,110,7,68
501579,99,8,68
501580,100,8,68
501581,101,8,68
501582,102,8,68
501583,103,8,68
501584,104,8,68
501585,105,8,68
501586,106,8,68
501587,107,8,68
501588,108,8,68
501589,109,8,68
501590,110,8,68
501789,99,9,68
501790,100,9,68
501791,101,9,68
501792,102,9,68
501793,103,9,68
501794,104,9,68
501795,105,9,68
501796,106,9,68
501797,107,9,68
501798,108,9,68
501799,109,9,68
501800,110,9,68
508299,99,5,69
508300,100,5,69
508301,101,5,69
508302,102,5,69
508303,103,5,69
508304,104,5,69
508305,105,5,69
508306,106,5,69
508307,107,5,69
508308,108,5,69
508309,109,5,69
508310,110,5,69
508509,99,6,69
508510,100,6,69
508511,101,6,69
508512,102,6,69
508513,103,6,69
508514,104,6,69
508515,105,6,69
508516,106,6,69
508517,107,6,69
508518,108,6,69
508519,109,6,69
508520,110,6,69
508719,99,7,69
508720,100,7,69
508721,101,7,69
508722,102,7,69
508723,103,7,69
508724,104,7,69
508725,105,7,69
508726,106,7,69
508727,107,7,69
508728,108,7,69
508729,109,7,69
508730,110,7,69
508929,99,8,69
508930,100,8,69
508931,101,8,69
508932,102,8,69
508933,103,8,69
508934,104,8,69
508935,105,8,69
508936,106,8,69
508937,107,8,69
508938,108,8,69
508939,109,8,69
508940,110,8,69
509139,99,9,69
509140,100,9,69
509141,101,9,69
509142,102,9,69
509143,103,9,69
509144,104,9,69
509145,105,9,69
509146,106,9,69
509147,107,9,69
509148,108,9,69
509149,109,9,69
509150,110,9,69
515649,99,5,70
515650,100,5,70
515651,101,5,70
515652,102,5,70
515653,103,5,70
515654,104,5,70
515655,105,5,70
515656,106,5,70
515657,107,5,70
515658,108,5,70
515659,109,5,70
515660,110,5,70
515859,99,6,70
515860,100,6,70
515861,101,6,70
515862,102,6,70
515863,103,6,70
515864,104,6,70
515865,105,6,70
515866,106,6,70
515867,107,6,70
515868,108,6,70
515869,109,6,70
515870,110,6,70
516069,99,7,70
516070,100,7,70
516071,101,7,70
516072,102,7,70
516073,103,7,70
516074,104,7,70
516075,105,7,70
516076,106,7,70
516077,107,7,70
516078,108,7,70
516079,109,7,70
516080,110,7,70
516279,99,8,70
516280,100,8,70
516281,101,8,70
516282,102,8,70
516283,103,8,70
516284,104,8,70
516285,105,8,70
516286,106,8,70
516287,107,8,70
516288,108,8,70
516289,109,8,70
516290,110,8,70
516489,99,9,70
516490,100,9,70
516491,101,9,70
516492,102,9,70
516493,103,9,70
516494,104,9,70
516495,105,9,70
516496,106,9,70
516497,107,9,70
516498,108,9,70
516499,109,9,70
516500,110,9,70
522999,99,5,71
523000,100,5,71
523001,101,5,71
523002,102,5,71
523003,103,5,71
523004,104,5,71
523005,105,5,71
523006,106,5,71
523007,107,5,71
523008,108,5,71
523009,109,5,71
523010,110,5,71
523209,99,6,71
523210,100,6,71
523211,101,6,71
523212,102,6,71
523213,103,6,71
523214,104,6,71
523215,105,6,71
523216,106,6,71
523217,107,6,71
523218,108,6,71
523219,109,6,71
523220,110,6,71
523419,99,7,71
523420,100,7,71
523421,101,7,71
523422,102,7,71
523423,103,7,71
523424,104,7,71
523425,105,7,71
523426,106,7,71
523427,107,7,71
523428,108,7,71
523429,109,7,71
523430,110,7,71
523629,99,8,71
523630,100,8,71
523631,101,8,71
523632,102,8,71
523633,103,8,71
523634,104,8,71
523635,105,8,71
523636,106,8,71
523637,107,8,71
523638,108,8,71
523639,109,8,71
523640,110,8,71
523839,99,9,71
523840,100,9,71
523841,101,9,71
523842,102,9,71
523843,103,9,71
523844,104,9,71
523845,105,9,71
523846,106,9,71
523847,107,9,71
523848,108,9,71
523849,109,9,71
523850,110,9,71
530349,99,5,72
530350,100,5,72
530351,101,5,72
530352,102,5,72
530353,103,5,72
530354,104,5,72
530355,105,5,72
530356,106,5,72
530357,107,5,72
530358,108,5,72
530359,109,5,72
530360,110,5,72
530559,99,6,72
530560,100,6,72
530561,101,6,72
530562,102,6,72
530563,103,6,72
530564,104,6,72
530565,105,6,72
530566,106,6,72
530567,107,6,72
530568,108,6,72
530569,109,6,72
530570,110,6,72
530769,99,7,72
530770,100,7,72
530771,101,7,72
530772,102,7,72
530773,103,7,72
530774,104,7,72
530775,105,7,72
530776,106,7,72
530777,107,7,72
530778,108,7,72
530779,109,7,72
530780,110,7,72
530979,99,8,72
530980,100,8,72
530981,101,8,72
530982,102,8,72
530983,103,8,72
530984,104,8,72
530985,105,8,72
530986,106,8,72
530987,107,8,72
530988,108,8,72
530989,109,8,72
530990,110,8,72
531189,99,9,72
531190,100,9,72
531191,101,9,72
531192,102,9,72
531193,103,9,72
531194,104,9,72
531195,105,9,72
531196,106,9,72
531197,107,9,72
531198,108,9,72
531199,109,9,72
531200,110,9,72
537699,99,5,73
537700,100,5,73
537701,101,5,73
537702,102,5,73
537703,103,5,73
537704,104,5,73
537705,105,5,73
537706,106,5,73
537707,107,5,73
537708,108,5,73
537709,109,5,73
537710,110,5,73
537909,99,6,73
537910,100,6,73
537911,101,6,73
537912,102,6,73
537913,103,6,73
537914,104,6,73
537915,105,6,73
537916,106,6,73
537917,107,6,73
537918,108,6,73
537919,109,6,73
537920,110,6,73
538119,99,7,73
538120,100,7,73
538121,101,7,73
538122,102,7,73
538123,103,7,73
538124,104,7,73
538125,105,7,73
538126,106,7,73
538127,107,7,73
538128,108,7,73
538129,109,7,73
538130,110,7,73
538329,99,8,73
538330,100,8,73
538331,101,8,73
538332,102,8,73
538333,103,8,73
538334,104,8,73
538335,105,8,73
538336,106,8,73
538337,107,8,73
538338,108,8,73
538339,109,8,73
538340,110,8,73
538539,99,9,73
538540,100,9,73
538541,101,9,73
538542,102,9,73
538543,103,9,73
538544,104,9,73
538545,105,9,73
538546,106,9,73
538547,107,9,73
538548,108,9,73
538549,109,9,73
538550,110,9,73
545049,99,5,74
545050,100,5,74
545051,101,5,74
545052,102,5,74
545053,103,5,74
545054,104,5,74
545055,105,5,74
545056,106,5,74
545057,107,5,74
545058,108,5,74
545059,109,5,74
545060,110,5,74
545259,99,6,74
545260,100,6,74
545261,101,6,74
545262,102,6,74
545263,103,6,74
545264,104,6,74
545265,105,6,74
545266,106,6,74
545267,107,6,74
545268,108,6,74
545269,109,6,74
545270,110,6,74
545469,99,7,74
545470,100,7,74
545471,101,7,74
545472,102,7,74
545473,103,7,74
545474,104,7,74
545475,105,7,74
545476,106,7,74
545477,107,7,74
545478,108,7,74
545479,109,7,74
545480,110,7,74
545679,99,8,74
545680,100,8,74
545681,101,8,74
545682,102,8,74
545683,103,8,74
545684,104,8,74
545685,105,8,74
545686,106,8,74
545687,107,8,74
545688,108,8,74
545689,109,8,74
545690,110,8,74
545889,99,9,74
545890,100,9,74
545891,101,9,74
545892,102,9,74
545893,103,9,74
545894,104,9,74
545895,105,9,74
545896,106,9,74
545897,107,9,74
545898,108,9,74
545899,109,9,74
545900,110,9,74
552399,99,5,75
552400,100,5,75
552401,101,5,75
552402,102,5,75
552403,103,5,75
552404,104,5,75
552405,105,5,75
552406,106,5,75
552407,107,5,75
552408,108,5,75
552409,109,5,75
552410,110,5,75
552609,99,6,75
552610,100,6,75
552611,101,6,75
552612,102,6,75
552613,103,6,75
552614,104,6,75
552615,105,6,75
552616,106,6,75
552617,107,6,75
552618,108,6,75
552619,109,6,75
552620,110,6,75
552819,99,7,75
552820,100,7,75
552821,101,7,75
552822,102,7,75
552823,103,7,75
552824,104,7,75
552825,105,7,75
552826,106,7,75
552827,107,7,75
552828,108,7,75
552829,109,7,75
552830,110,7,75
553029,99,8,75
553030,100,8,75
553031,101,8,75
553032,102,8,75
553033,103,8,75
553034,104,8,75
553035,105,8,75
553036,106,8,75
553037,107,8,75
553038,108,8,75
553039,109,8,75
553040,110,8,75
553239,99,9,75
553240,100,9,75
553241,101,9,75
553242,102,9,75
553243,103,9,75
553244,104,9,75
553245,105,9,75
553246,106,9,75
553247,107,9,75
553248,108,9,75
553249,109,9,75
553250,110,9,75
559749,99,5,76
559750,100,5,76
559751,101,5,76
559752,102,5,76
559753,103,5,76
559754,104,5,76
559755,105,5,76
559756,106,5,76
559757,107,5,76
559758,108,5,76
559759,109,5,76
559760,110,5,76
559959,99,6,76
559960,100,6,76
559961,101,6,76
559962,102,6,76
559963,103,6,76
559964,104,6,76
559965,105,6,76
559966,106,6,76
559967,107,6,76
559968,108,6,76
559969,109,6,76
559970,110,6,76
560169,99,7,76
560170,100,7,76
560171,101,7,76
560172,102,7,76
560173,103,7,76
560174,104,7,76
560175,105,7,76
560176,106,7,76
560177,107,7,76
560178,108,7,76
560179,109,7,76
560180,110,7,76
560379,99,8,76
560380,100,8,76
560381,101,8,76
560382,102,8,76
560383,103,8,76
560384,104,8,76
560385,105,8,76
560386,106,8,76
560387,107,8,76
560388,108,8,76
560389,109,8,76
560390,110,8,76
560589,99,9,76
560590,100,9,76
560591,101,9,76
560592,102,9,76
560593,103,9,76
560594,104,9,76
560595,105,9,76
560596,106,9,76
560597,107,9,76
560598,108,9,76
560599,109,9,76
560600,110,9,76
567099,99,5,77
567100,100,5,77
567101,101,5,77
567102,102,5,77
567103,103,5,77
567104,104,5,77
567105,105,5,77
567106,106,5,77
567107,107,5,77
567108,108,5,77
567109,109,5,77
567110,110,5,77
567309,99,6,77
567310,100,6,77
567311,101,6,77
567312,102,6,77
567313,103,6,77
567314,104,6,77
567315,105,6,77
567316,106,6,77
567317,107,6,77
567318,108,6,77
567319,109,6,77
567320,110,6,77
567519,99,7,77
567520,100,7,77
567521,101,7,77
567522,102,7,77
567523,103,7,77
567524,104,7,77
567525,105,7,77
567526,106,7,77
567527,107,7,77
567528,108,7,77
567529,109,7,77
567530,110,7,77
567729,99,8,77
567730,100,8,77
567731,101,8,77
567732,102,8,77
567733,103,8,77
567734,104,8,77
567735,105,8,77
567736,106,8,77
567737,107,8,77
567738,108,8,77
567739,109,8,77
567740,110,8,77
567939,99,9,77
567940,100,9,77
567941,101,9,77
567942,102,9,77
567943,103,9,77
567944,104,9,77
567945,105,9,77
567946,106,9,77
567947,107,9,77
567948,108,9,77
567949,109,9,77
567950,110,9,77
574449,99,5,78
574450,100,5,78
574451,101,5,78
574452,102,5,78
574453,103,5,78
574454,104,5,78
574455,105,5,78
574456,106,5,78
574457,107,5,78
574458,108,5,78
574459,109,5,78
574460,110,5,78
574659,99,6,78
574660,100,6,78
574661,101,6,78
574662,102,6,78
574663,103,6,78
574664,104,6,78
574665,105,6,78
574666,106,6,78
574667,107,6,78
574668,108,6,78
574669,109,6,78
574670,110,6,78
574869,99,7,78
574870,100,7,78
574871,101,7,78
574872,102,7,78
574873,103,7,78
574874,104,7,78
574875,105,7,78
574876,106,7,78
574877,107,7,78
574878,108,7,78
574879,109,7,78
574880,110,7,78
575079,99,8,78
575080,100,8,78
575081,101,8,78
575082,102,8,78
575083,103,8,78
575084,104,8,78
575085,105,8,78
575086,106,8,78
575087,107,8,78
575088,108,8,78
575089,109,8,78
575090,110,8,78
575289,99,9,78
575290,100,9,78
575291,101,9,78
575292,102,9,78
575293,103,9,78
575294,104,9,78
575295,105,9,78
575296,106,9,78
575297,107,9,78
575298,108,9,78
575299,109,9,78
575300,110,9,78
581799,99,5,79
581800,100,5,79
581801,101,5,79
581802,102,5,79
581803,103,5,79
581804,104,5,79
581805,105,5,79
581806,106,5,79
581807,107,5,79
581808,108,5,79
581809,109,5,79
581810,110,5,79
582009,99,6,79
582010,100,6,79
582011,101,6,79
582012,102,6,79
582013,103,6,79
582014,104,6,79
582015,105,6,79
582016,106,6,79
582017,107,6,79
582018,108,6,79
582019,109,6,79
582020,110,6,79
582219,99,7,79
582220,100,7,79
582221,101,7,79
582222,102,7,79
582223,103,7,79
582224,104,7,79
582225,105,7,79
582226,106,7,79
582227,107,7,79
582228,108,7,79
582229,109,7,79
582230,110,7,79
582429,99,8,79
582430,100,8,79
582431,101,8,79
582432,102,8,79
582433,103,8,79
582434,104,8,79
582435,105,8,79
582436,106,8,79
582437,107,8,79
582438,108,8,79
582439,109,8,79
582440,110,8,79
582639,99,9,79
582640,100,9,79
582641,101,9,79
582642,102,9,79
582643,103,9,79
582644,104,9,79
582645,105,9,79
582646,106,9,79
582647,107,9,79
582648,108,9,79
582649,109,9,79
582650,110,9,79
589149,99,5,80
589150,100,5,80
589151,101,5,80
589152,102,5,80
589153,103,5,80
589154,104,5,80
589155,105,5,80
589156,106,5,80
589157,107,5,80
589158,108,5,80
589159,109,5,80
589160,110,5,80
589359,99,6,80
589360,100,6,80
589361,101,6,80
589362,102,6,80
589363,103,6,80
589364,104,6,80
589365,105,6,80
589366,106,6,80
589367,107,6,80
589368,108,6,80
589369,109,6,80
589370,110,6,80
589569,99,7,80
589570,100,7,80
589571,101,7,80
589572,102,7,80
589573,103,7,80
589574,104,7,80
589575,105,7,80
589576,106,7,80
589577,107,7,80
589578,108,7,80
589579,109,7,80
589580,110,7,80
589779,99,8,80
589780,100,8,80
589781,101,8,80
589782,102,8,80
589783,103,8,80
589784,104,8,80
589785,105,8,80
589786,106,8,80
589787,107,8,80
589788,108,8,80
589789,109,8,80
589790,110,8,80
589989,99,9,80
589990,100,9,80
589991,101,9,80
589992,102,9,80
589993,103,9,80
589994,104,9,80
589995,105,9,80
589996,106,9,80
589997,107,9,80
589998,108,9,80
589999,109,9,80
590000,110,9,80
