scene_file,material,effect,script,resource_slot,logical_texture
baskets.SCNE,basket_stanchioni2_nba:shotclock_digits_grey_mat,asset.fx#63c32421edbabd9e,asset.4b62abe3e9a15eaa.script,AlbedoMap,%databuild_art_root%/asset_library/_generic_textures/basket_stanchion_textures/timeboard_c.tga
baskets.SCNE,basket_stanchioni2_nba:shotclock_digits_grey_mat,asset.fx#63c32421edbabd9e,asset.4b62abe3e9a15eaa.script,NormalAndRoughMap,NormalAndRoughMap#6176bddc_1623
baskets.SCNE,basket_stanchioni2_nba:padding_base_sides_mat,asset.fx#6e0fe052a62dce38,asset.8c305494708b2f67.script,NormalMap,%databuild_art_root%/material_library/_generic_textures/surface_variations/surface_variation_fractalsumbase_normal.png
baskets.SCNE,basket_stanchioni2_nba:padding_base_sides_mat,asset.fx#6e0fe052a62dce38,asset.8c305494708b2f67.script,TextureBasedNoiseMap,%databuild_art_root%/general/defaults/shader_referenced_textures/texturebasednoise/linear_pixel_noise_midtomin/linear_pixel_noise_midtomin.dds
baskets.SCNE,basket_stanchioni2_nba:shot_dig10,asset.fx#9a6f2419c1c30297,asset.415ec2a990131817.script,AlbedoMap,%databuild_art_root%/asset_library/_generic_textures/basket_stanchion_textures/timeboard_number_timeout_c.tga
baskets.SCNE,basket_stanchioni2_nba:shot_dig10,asset.fx#9a6f2419c1c30297,asset.415ec2a990131817.script,NormalMap,%databuild_art_root%/asset_library/_generic_textures/basket_stanchion_textures/timeboard_number_n.tga
baskets.SCNE,basket_stanchioni2_nba:backboard_pad_mat,asset.fx#de4daf4a9d08e600,asset.6f8158a5fad3a287.script,AddOn1NormalMap,%databuild_art_root%/asset_library/basket_stanchion_all/texture/basket_stanchioni_nba_backboard_n.png
baskets.SCNE,basket_stanchioni2_nba:backboard_pad_mat,asset.fx#de4daf4a9d08e600,asset.6f8158a5fad3a287.script,AddOn1Sampler,
baskets.SCNE,basket_stanchioni2_nba:backboard_pad_mat,asset.fx#de4daf4a9d08e600,asset.6f8158a5fad3a287.script,AddOn3RoughMap,%databuild_art_root%/material_library/_generic_textures/grunges/substanceprocedural_grunge_surface_001.tga
baskets.SCNE,basket_stanchioni2_nba:backboard_pad_mat,asset.fx#de4daf4a9d08e600,asset.6f8158a5fad3a287.script,AddOn3Sampler,
baskets.SCNE,basket_stanchioni2_nba:backboard_pad_mat,asset.fx#de4daf4a9d08e600,asset.6f8158a5fad3a287.script,AlphaMask2Map,%databuild_art_root%/material_library/_generic_textures/grunges/substanceprocedural_dirt_4.tga
baskets.SCNE,basket_stanchioni2_nba:backboard_pad_mat,asset.fx#de4daf4a9d08e600,asset.6f8158a5fad3a287.script,ConeAngleMap,%databuild_art_root%/asset_library/basket_stanchion_all/texture/basket_stanchioni_nba_backboard_ao.png
baskets.SCNE,basket_stanchioni2_nba:backboard_pad_mat,asset.fx#de4daf4a9d08e600,asset.6f8158a5fad3a287.script,NormalAndRoughMap,NormalAndRoughMap#cd252798_1620
baskets.SCNE,basket_stanchioni2_nba:bracket_metal_paint_midgray1_mat,asset.fx#9c34017bd32dbf98,asset.59966aac203e9684.script,AddOn1NormalMap,%databuild_art_root%/asset_library/basket_stanchion_all/texture/basket_stanchioni_nba_bracket_n.png
baskets.SCNE,basket_stanchioni2_nba:bracket_metal_paint_midgray1_mat,asset.fx#9c34017bd32dbf98,asset.59966aac203e9684.script,AddOn2NormalAndRoughMap,AddOn2NormalAndRoughMap#4f1a67d_1452
baskets.SCNE,basket_stanchioni2_nba:bracket_metal_paint_midgray1_mat,asset.fx#9c34017bd32dbf98,asset.59966aac203e9684.script,AddOn2Sampler,
baskets.SCNE,basket_stanchioni2_nba:bracket_metal_paint_midgray1_mat,asset.fx#9c34017bd32dbf98,asset.59966aac203e9684.script,ConeAngleMap,%databuild_art_root%/asset_library/basket_stanchion_all/texture/basket_stanchioni_nba_bracket_ao.png
baskets.SCNE,basket_stanchioni2_nba:bracket_metal_paint_midgray1_mat,asset.fx#9c34017bd32dbf98,asset.59966aac203e9684.script,NormalAndRoughMap,NormalAndRoughMap#87d5f9fa_1762
baskets.SCNE,basket_stanchioni2_nba:shot_dig9,asset.fx#9a6f2419c1c30297,asset.415ec2a990131817.script,AlbedoMap,%databuild_art_root%/asset_library/_generic_textures/basket_stanchion_textures/timeboard_number_timeout_c.tga
baskets.SCNE,basket_stanchioni2_nba:shot_dig9,asset.fx#9a6f2419c1c30297,asset.415ec2a990131817.script,NormalMap,%databuild_art_root%/asset_library/_generic_textures/basket_stanchion_textures/timeboard_number_n.tga
baskets.SCNE,basket_stanchioni2_nba:bracket_rubber_gray_mat,asset.fx#987a30aa299db703,asset.5ea21e973602dee1.script,AddOn1NormalMap,%databuild_art_root%/asset_library/basket_stanchion_all/texture/basket_stanchioni_nba_bracket_n.png
baskets.SCNE,basket_stanchioni2_nba:bracket_rubber_gray_mat,asset.fx#987a30aa299db703,asset.5ea21e973602dee1.script,AlphaMask2Map,%databuild_art_root%/material_library/_generic_textures/scratches/scratches_metal_heavy.tga
baskets.SCNE,basket_stanchioni2_nba:bracket_rubber_gray_mat,asset.fx#987a30aa299db703,asset.5ea21e973602dee1.script,ConeAngleMap,%databuild_art_root%/asset_library/basket_stanchion_all/texture/basket_stanchioni_nba_bracket_ao.png
baskets.SCNE,basket_stanchioni2_nba:bracket_rubber_gray_mat,asset.fx#987a30aa299db703,asset.5ea21e973602dee1.script,NormalMap,%databuild_art_root%/material_library/_generic_textures/surface_variations/fractal_blurred_normal.png
baskets.SCNE,basket_stanchioni2_nba:shotclock_plastic_coarse_decal_mat,asset.fx#75fe3aaafea99039,asset.abeaccbc34c88eac.script,AddOn1NormalMap,%databuild_art_root%/asset_library/basket_stanchion_all/texture/basket_stanchioni_nba_shotclock_n.png
baskets.SCNE,basket_stanchioni2_nba:shotclock_plastic_coarse_decal_mat,asset.fx#75fe3aaafea99039,asset.abeaccbc34c88eac.script,AddOn1Sampler,
baskets.SCNE,basket_stanchioni2_nba:shotclock_plastic_coarse_decal_mat,asset.fx#75fe3aaafea99039,asset.abeaccbc34c88eac.script,AddOn3AlbedoMap,%databuild_art_root%/asset_library/basket_stanchion_all/texture/tissot_logo_official_horizontal_en.png
baskets.SCNE,basket_stanchioni2_nba:shotclock_plastic_coarse_decal_mat,asset.fx#75fe3aaafea99039,asset.abeaccbc34c88eac.script,AddOn3NormalMap,%databuild_art_root%/asset_library/basket_stanchion_all/texture/tissot_logo_official_horizontal_en_n.png
baskets.SCNE,basket_stanchioni2_nba:shotclock_plastic_coarse_decal_mat,asset.fx#75fe3aaafea99039,asset.abeaccbc34c88eac.script,AlphaMask2Map,%databuild_art_root%/material_library/_generic_textures/grunges/substanceprocedural_dirt_4.tga
baskets.SCNE,basket_stanchioni2_nba:shotclock_plastic_coarse_decal_mat,asset.fx#75fe3aaafea99039,asset.abeaccbc34c88eac.script,ConeAngleMap,%databuild_art_root%/asset_library/basket_stanchion_all/texture/basket_stanchioni_nba_shotclock_ao.png
baskets.SCNE,basket_stanchioni2_nba:shotclock_plastic_coarse_decal_mat,asset.fx#75fe3aaafea99039,asset.abeaccbc34c88eac.script,NormalAndRoughMap,NormalAndRoughMap#3adb5e14_1607
baskets.SCNE,basket_stanchioni2_nba:shot_dig1,asset.fx#9a6f2419c1c30297,asset.415ec2a990131817.script,AlbedoMap,%databuild_art_root%/asset_library/_generic_textures/basket_stanchion_textures/timeboard_number_c.tga
baskets.SCNE,basket_stanchioni2_nba:shot_dig1,asset.fx#9a6f2419c1c30297,asset.415ec2a990131817.script,NormalMap,%databuild_art_root%/asset_library/_generic_textures/basket_stanchion_textures/timeboard_number_n.tga
baskets.SCNE,basket_stanchioni2_nba:shot_dig5,asset.fx#9a6f2419c1c30297,asset.415ec2a990131817.script,AlbedoMap,%databuild_art_root%/asset_library/_generic_textures/basket_stanchion_textures/timeboard_number_big_c.tga
baskets.SCNE,basket_stanchioni2_nba:shot_dig5,asset.fx#9a6f2419c1c30297,asset.415ec2a990131817.script,NormalMap,%databuild_art_root%/asset_library/_generic_textures/basket_stanchion_textures/timeboard_number_big_n.tga
baskets.SCNE,basket_stanchioni2_nba:17c4a8d6:padding_base_front_mat,asset.fx#1c3735286360f895,asset.8c305494708b2f67.script,NormalMap,%databuild_art_root%/material_library/_generic_textures/surface_variations/surface_variation_fractalsumbase_normal.png
baskets.SCNE,basket_stanchioni2_nba:17c4a8d6:padding_base_front_mat,asset.fx#1c3735286360f895,asset.8c305494708b2f67.script,TextureBasedNoiseMap,%databuild_art_root%/general/defaults/shader_referenced_textures/texturebasednoise/linear_pixel_noise_midtomin/linear_pixel_noise_midtomin.dds
baskets.SCNE,basket_stanchioni2_nba:caec8cc4:logo_right_mat,asset.fx#e286c99d77ba1c39,asset.1ffdd9a376ea32b4.script,AlbedoMap,%databuild_art_root%/material_library/_generic_textures/logos/flag_america_stanchion.png
baskets.SCNE,basket_stanchioni2_nba:shot_dig8,asset.fx#9a6f2419c1c30297,asset.415ec2a990131817.script,AlbedoMap,%databuild_art_root%/asset_library/_generic_textures/basket_stanchion_textures/timeboard_number_timeout_c.tga
baskets.SCNE,basket_stanchioni2_nba:shot_dig8,asset.fx#9a6f2419c1c30297,asset.415ec2a990131817.script,NormalMap,%databuild_art_root%/asset_library/_generic_textures/basket_stanchion_textures/timeboard_number_n.tga
baskets.SCNE,basket_stanchioni2_nba:bracket_metal_paint_midgray2_mat,asset.fx#9c34017bd32dbf98,asset.59966aac203e9684.script,AddOn1NormalMap,%databuild_art_root%/asset_library/basket_stanchion_all/texture/basket_stanchioni_nba_bracket_n.png
baskets.SCNE,basket_stanchioni2_nba:bracket_metal_paint_midgray2_mat,asset.fx#9c34017bd32dbf98,asset.59966aac203e9684.script,AddOn2NormalAndRoughMap,AddOn2NormalAndRoughMap#1d0b567_1447
baskets.SCNE,basket_stanchioni2_nba:bracket_metal_paint_midgray2_mat,asset.fx#9c34017bd32dbf98,asset.59966aac203e9684.script,AddOn2Sampler,
baskets.SCNE,basket_stanchioni2_nba:bracket_metal_paint_midgray2_mat,asset.fx#9c34017bd32dbf98,asset.59966aac203e9684.script,ConeAngleMap,%databuild_art_root%/asset_library/basket_stanchion_all/texture/basket_stanchioni_nba_bracket_ao.png
baskets.SCNE,basket_stanchioni2_nba:bracket_metal_paint_midgray2_mat,asset.fx#9c34017bd32dbf98,asset.59966aac203e9684.script,NormalAndRoughMap,NormalAndRoughMap#1a3ea9cb_1766
baskets.SCNE,basket_stanchioni2_nba:shot_dig4,asset.fx#9a6f2419c1c30297,asset.415ec2a990131817.script,AlbedoMap,%databuild_art_root%/asset_library/_generic_textures/basket_stanchion_textures/timeboard_number_c.tga
baskets.SCNE,basket_stanchioni2_nba:shot_dig4,asset.fx#9a6f2419c1c30297,asset.415ec2a990131817.script,NormalMap,%databuild_art_root%/asset_library/_generic_textures/basket_stanchion_textures/timeboard_number_n.tga
baskets.SCNE,basket_stanchioni2_nba:shot_dig11,asset.fx#9a6f2419c1c30297,asset.415ec2a990131817.script,AlbedoMap,%databuild_art_root%/asset_library/_generic_textures/basket_stanchion_textures/timeboard_number_timeout_c.tga
baskets.SCNE,basket_stanchioni2_nba:shot_dig11,asset.fx#9a6f2419c1c30297,asset.415ec2a990131817.script,NormalMap,%databuild_art_root%/asset_library/_generic_textures/basket_stanchion_textures/timeboard_number_n.tga
baskets.SCNE,basket_stanchioni2_nba:487f6159:backboard_chrome_white_mat,asset.fx#d54a42e9193c3556,asset.e8d18f74d6d548ae.script,AlphaMask2Map,%databuild_art_root%/material_library/_generic_textures/grunges/substanceprocedural_grunge_watery_012.tga
baskets.SCNE,basket_stanchioni2_nba:487f6159:backboard_chrome_white_mat,asset.fx#d54a42e9193c3556,asset.e8d18f74d6d548ae.script,ConeAngleMap,%databuild_art_root%/asset_library/basket_stanchion_all/texture/basket_stanchioni_nba_backboard_ao.png
baskets.SCNE,basket_stanchioni2_nba:487f6159:backboard_chrome_white_mat,asset.fx#d54a42e9193c3556,asset.e8d18f74d6d548ae.script,NormalMap,%databuild_art_root%/material_library/_generic_textures/surface_variations/surfacevariation_metal_gold_normal.tga
baskets.SCNE,basket_stanchioni2_nba:shotclock_chrome_white_mat,asset.fx#987a30aa299db703,asset.5ea21e973602dee1.script,AddOn1NormalMap,%databuild_art_root%/asset_library/basket_stanchion_all/texture/basket_stanchioni_nba_shotclock_n.png
baskets.SCNE,basket_stanchioni2_nba:shotclock_chrome_white_mat,asset.fx#987a30aa299db703,asset.5ea21e973602dee1.script,AlphaMask2Map,%databuild_art_root%/material_library/_generic_textures/grunges/substanceprocedural_grunge_watery_012.tga
baskets.SCNE,basket_stanchioni2_nba:shotclock_chrome_white_mat,asset.fx#987a30aa299db703,asset.5ea21e973602dee1.script,ConeAngleMap,%databuild_art_root%/asset_library/basket_stanchion_all/texture/basket_stanchioni_nba_shotclock_ao.png
baskets.SCNE,basket_stanchioni2_nba:shotclock_chrome_white_mat,asset.fx#987a30aa299db703,asset.5ea21e973602dee1.script,NormalMap,%databuild_art_root%/material_library/_generic_textures/surface_variations/surfacevariation_metal_gold_normal.tga
baskets.SCNE,basket_stanchioni2_nba:glass_backboard_mat,basket_glass.fx#936be49fdb505ff3,basket_glass.9c3a099189c7c26f.script,Albedo,%databuild_art_root%/material_library/glass_backboard_s/texture/glass_backboard_s_basecolor.png
baskets.SCNE,basket_stanchioni2_nba:glass_backboard_mat,basket_glass.fx#936be49fdb505ff3,basket_glass.9c3a099189c7c26f.script,RoughnessTexture,%databuild_art_root%/material_library/glass_backboard_s/texture/glass_backboard_s_roughness.png
baskets.SCNE,basket_stanchioni2_nba:8851661a:padding_logo_upright_front_mat,asset.fx#1c3735286360f895,asset.8c305494708b2f67.script,NormalMap,%databuild_art_root%/material_library/_generic_textures/surface_variations/surface_variation_fractalsumbase_normal.png
baskets.SCNE,basket_stanchioni2_nba:8851661a:padding_logo_upright_front_mat,asset.fx#1c3735286360f895,asset.8c305494708b2f67.script,TextureBasedNoiseMap,%databuild_art_root%/general/defaults/shader_referenced_textures/texturebasednoise/linear_pixel_noise_midtomin/linear_pixel_noise_midtomin.dds
baskets.SCNE,basket_stanchioni2_nba:bracket_metal_powder_mat,asset.fx#f06eaba7ab804f85,asset.2c6fe86843bc329f.script,AddOn1NormalMap,%databuild_art_root%/material_library/_generic_textures/surface_variations/surface_variation_dirt2_normal.png
baskets.SCNE,basket_stanchioni2_nba:bracket_metal_powder_mat,asset.fx#f06eaba7ab804f85,asset.2c6fe86843bc329f.script,AddOn1Sampler,
baskets.SCNE,basket_stanchioni2_nba:bracket_metal_powder_mat,asset.fx#f06eaba7ab804f85,asset.2c6fe86843bc329f.script,AddOn2NormalMap,%databuild_art_root%/asset_library/basket_stanchion_all/texture/basket_stanchioni_nba_bracket_n.png
baskets.SCNE,basket_stanchioni2_nba:bracket_metal_powder_mat,asset.fx#f06eaba7ab804f85,asset.2c6fe86843bc329f.script,NormalMap,%databuild_art_root%/material_library/_generic_textures/surface_variations/surface_variation_dirt1_normal.png
baskets.SCNE,basket_stanchioni2_nba:bracket_metal_powder_mat,asset.fx#f06eaba7ab804f85,asset.2c6fe86843bc329f.script,TextureBasedNoiseMap,%databuild_art_root%/general/defaults/shader_referenced_textures/texturebasednoise/linear_pixel_noise_midtomin/linear_pixel_noise_midtomin.dds
baskets.SCNE,basket_stanchioni2_nba:rim_mat,simplepbr.fx#3388c04d6b9238ef,simplepbr.ce09f2c08ab5e7fd.script,AlbedoMap,%databuild_art_root%/asset_library/basket_rim_nba/texture/basket_rim_nba_mat_basecolor.png
baskets.SCNE,basket_stanchioni2_nba:rim_mat,simplepbr.fx#3388c04d6b9238ef,simplepbr.ce09f2c08ab5e7fd.script,ConeAngleMap,%databuild_art_root%/asset_library/basket_rim_nba/texture/basket_rim_nba_mat_ambientocclusion.png
baskets.SCNE,basket_stanchioni2_nba:rim_mat,simplepbr.fx#3388c04d6b9238ef,simplepbr.ce09f2c08ab5e7fd.script,MetalMap,%databuild_art_root%/asset_library/basket_rim_nba/texture/basket_rim_nba_mat_metallic.png
baskets.SCNE,basket_stanchioni2_nba:rim_mat,simplepbr.fx#3388c04d6b9238ef,simplepbr.ce09f2c08ab5e7fd.script,NormalAndRoughMap,NormalAndRoughMap#b7b59aa4_1323
baskets.SCNE,basket_stanchioni2_nba:c1142d1a:padding_logo_arm_mat,asset.fx#a52c568f73a86b2,asset.ac0e5071413ea790.script,AddOn1NormalMap,%databuild_art_root%/material_library/vinyl_stantionarm_m/texture/basket_stanchioni_nba_backboard_n.png
baskets.SCNE,basket_stanchioni2_nba:c1142d1a:padding_logo_arm_mat,asset.fx#a52c568f73a86b2,asset.ac0e5071413ea790.script,ConeAngleMap,%databuild_art_root%/asset_library/basket_stanchion_all/texture/basket_stanchioni_nba_backboard_ao.png
baskets.SCNE,basket_stanchioni2_nba:c1142d1a:padding_logo_arm_mat,asset.fx#a52c568f73a86b2,asset.ac0e5071413ea790.script,NormalMap,%databuild_art_root%/substance_library/graphs/vinyl_matcover/exports/vinyl_matcover_normal.png
baskets.SCNE,basket_stanchioni2_nba:stanchion_metal_paint_charcoal_mat,asset.fx#1580f68d10338228,asset.2975a14c7de6e6cd.script,AddOn1NormalMap,%databuild_art_root%/asset_library/basket_stanchion_all/texture/basket_stanchioni_nba_backboard_n.png
baskets.SCNE,basket_stanchioni2_nba:stanchion_metal_paint_charcoal_mat,asset.fx#1580f68d10338228,asset.2975a14c7de6e6cd.script,AddOn2NormalAndRoughMap,AddOn2NormalAndRoughMap#d27a071e_1439
baskets.SCNE,basket_stanchioni2_nba:stanchion_metal_paint_charcoal_mat,asset.fx#1580f68d10338228,asset.2975a14c7de6e6cd.script,AddOn2Sampler,
baskets.SCNE,basket_stanchioni2_nba:stanchion_metal_paint_charcoal_mat,asset.fx#1580f68d10338228,asset.2975a14c7de6e6cd.script,ConeAngleMap,%databuild_art_root%/asset_library/basket_stanchion_all/texture/basket_stanchioni_nba_backboard_ao.png
baskets.SCNE,basket_stanchioni2_nba:stanchion_metal_paint_charcoal_mat,asset.fx#1580f68d10338228,asset.2975a14c7de6e6cd.script,NormalAndRoughMap,NormalAndRoughMap#3f75b1f2_1762
baskets.SCNE,basket_stanchioni2_nba:shot_down,asset.fx#9a6f2419c1c30297,asset.415ec2a990131817.script,AlbedoMap,%databuild_art_root%/asset_library/_generic_textures/basket_stanchion_textures/timeboard_number_c.tga
baskets.SCNE,basket_stanchioni2_nba:shot_down,asset.fx#9a6f2419c1c30297,asset.415ec2a990131817.script,NormalMap,%databuild_art_root%/asset_library/_generic_textures/basket_stanchion_textures/timeboard_number_n.tga
baskets.SCNE,basket_stanchioni2_nba:plastic_coarse_black_mat,asset.fx#cbcc7d0f13621fe4,asset.6e2d6a752dd20cb9.script,AlphaMaskMap,%databuild_art_root%/material_library/_generic_textures/grunges/substanceprocedural_dirt_4.tga
baskets.SCNE,basket_stanchioni2_nba:plastic_coarse_black_mat,asset.fx#cbcc7d0f13621fe4,asset.6e2d6a752dd20cb9.script,NormalAndRoughMap,NormalAndRoughMap#19dc7126_1623
baskets.SCNE,basket_stanchioni2_nba:shot_dig2,asset.fx#9a6f2419c1c30297,asset.415ec2a990131817.script,AlbedoMap,%databuild_art_root%/asset_library/_generic_textures/basket_stanchion_textures/timeboard_number_c.tga
baskets.SCNE,basket_stanchioni2_nba:shot_dig2,asset.fx#9a6f2419c1c30297,asset.415ec2a990131817.script,NormalMap,%databuild_art_root%/asset_library/_generic_textures/basket_stanchion_textures/timeboard_number_n.tga
baskets.SCNE,basket_stanchioni2_nba:shot_dig6,asset.fx#9a6f2419c1c30297,asset.415ec2a990131817.script,AlbedoMap,%databuild_art_root%/asset_library/_generic_textures/basket_stanchion_textures/timeboard_number_big_c.tga
baskets.SCNE,basket_stanchioni2_nba:shot_dig6,asset.fx#9a6f2419c1c30297,asset.415ec2a990131817.script,NormalMap,%databuild_art_root%/asset_library/_generic_textures/basket_stanchion_textures/timeboard_number_big_n.tga
baskets.SCNE,basket_stanchioni2_nba:metal_chrome_shiny_mat,asset.fx#53ed06b647e39d1,asset.0badb2304c6af606.script,AlphaMask2Map,%databuild_art_root%/material_library/_generic_textures/grunges/substanceprocedural_grunge_watery_012.tga
baskets.SCNE,basket_stanchioni2_nba:metal_chrome_shiny_mat,asset.fx#53ed06b647e39d1,asset.0badb2304c6af606.script,NormalMap,%databuild_art_root%/material_library/_generic_textures/surface_variations/surfacevariation_metal_gold_normal.tga
baskets.SCNE,basket_stanchioni2_nba:metal_metal_paint_charcoal_dull_mat,asset.fx#9c34017bd32dbf98,asset.59966aac203e9684.script,AddOn1NormalMap,%databuild_art_root%/asset_library/basket_stanchion_all/texture/basket_stanchioni_nba_metal_n.png
baskets.SCNE,basket_stanchioni2_nba:metal_metal_paint_charcoal_dull_mat,asset.fx#9c34017bd32dbf98,asset.59966aac203e9684.script,AddOn2NormalAndRoughMap,AddOn2NormalAndRoughMap#e5fab78d_1448
baskets.SCNE,basket_stanchioni2_nba:metal_metal_paint_charcoal_dull_mat,asset.fx#9c34017bd32dbf98,asset.59966aac203e9684.script,AddOn2Sampler,
baskets.SCNE,basket_stanchioni2_nba:metal_metal_paint_charcoal_dull_mat,asset.fx#9c34017bd32dbf98,asset.59966aac203e9684.script,ConeAngleMap,%databuild_art_root%/asset_library/basket_stanchion_all/texture/basket_stanchioni_nba_metal_ao.png
baskets.SCNE,basket_stanchioni2_nba:metal_metal_paint_charcoal_dull_mat,asset.fx#9c34017bd32dbf98,asset.59966aac203e9684.script,NormalAndRoughMap,NormalAndRoughMap#6c5625ce_1764
baskets.SCNE,basket_stanchioni2_nba:led_light_strips_red,layer_base.fx#d29cd5d7a05453bc,layer_base.499ffdfbe20f62cc.script,AlbedoMap,%databuild_art_root%/substance_library/graphs/led_endofquarter_bulbs/exports/led_endofquarter_bulbs_basecolor.png
baskets.SCNE,basket_stanchioni2_nba:led_light_strips_red,layer_base.fx#d29cd5d7a05453bc,layer_base.499ffdfbe20f62cc.script,EmissiveAlbedoMap,%databuild_art_root%/substance_library/graphs/led_endofquarter_bulbs/exports/led_endofquarter_bulbs_emissive.png
baskets.SCNE,basket_stanchioni2_nba:led_light_strips_red,layer_base.fx#d29cd5d7a05453bc,layer_base.499ffdfbe20f62cc.script,NormalAndRoughMap,NormalAndRoughMap#914a651a_1602
baskets.SCNE,basket_stanchioni2_nba:24bfd8b5:logo_left_mat,asset.fx#e286c99d77ba1c39,asset.1ffdd9a376ea32b4.script,AlbedoMap,%databuild_art_root%/material_library/_generic_textures/logos/logo_nba_current.tga
baskets.SCNE,basket_stanchioni2_nba:shot_dig7,asset.fx#9a6f2419c1c30297,asset.415ec2a990131817.script,AlbedoMap,%databuild_art_root%/asset_library/_generic_textures/basket_stanchion_textures/timeboard_number_big_c.tga
baskets.SCNE,basket_stanchioni2_nba:shot_dig7,asset.fx#9a6f2419c1c30297,asset.415ec2a990131817.script,NormalMap,%databuild_art_root%/asset_library/_generic_textures/basket_stanchion_textures/timeboard_number_big_n.tga
baskets.SCNE,basket_stanchioni2_nba:shot_dig3,asset.fx#9a6f2419c1c30297,asset.415ec2a990131817.script,AlbedoMap,%databuild_art_root%/asset_library/_generic_textures/basket_stanchion_textures/timeboard_number_c.tga
baskets.SCNE,basket_stanchioni2_nba:shot_dig3,asset.fx#9a6f2419c1c30297,asset.415ec2a990131817.script,NormalMap,%databuild_art_root%/asset_library/_generic_textures/basket_stanchion_textures/timeboard_number_n.tga
baskets.SCNE,basket_stanchioni2_nba:backboard_rubber_ltgray_mat,asset.fx#8c99e66e404e76df,asset.5ea21e973602dee1.script,AddOn1NormalMap,%databuild_art_root%/asset_library/basket_stanchion_all/texture/basket_stanchioni_nba_backboard_n.png
baskets.SCNE,basket_stanchioni2_nba:backboard_rubber_ltgray_mat,asset.fx#8c99e66e404e76df,asset.5ea21e973602dee1.script,AlphaMask2Map,%databuild_art_root%/material_library/_generic_textures/scratches/scratches_metal_heavy.tga
baskets.SCNE,basket_stanchioni2_nba:backboard_rubber_ltgray_mat,asset.fx#8c99e66e404e76df,asset.5ea21e973602dee1.script,ConeAngleMap,%databuild_art_root%/asset_library/basket_stanchion_all/texture/basket_stanchioni_nba_backboard_ao.png
baskets.SCNE,basket_stanchioni2_nba:backboard_rubber_ltgray_mat,asset.fx#8c99e66e404e76df,asset.5ea21e973602dee1.script,NormalMap,%databuild_art_root%/material_library/_generic_textures/surface_variations/fractal_blurred_normal.png
baskets.SCNE,basket_stanchioni2_nba:bracket_rubber_black_mat,asset.fx#987a30aa299db703,asset.5ea21e973602dee1.script,AddOn1NormalMap,%databuild_art_root%/asset_library/basket_stanchion_all/texture/basket_stanchioni_nba_bracket_n.png
baskets.SCNE,basket_stanchioni2_nba:bracket_rubber_black_mat,asset.fx#987a30aa299db703,asset.5ea21e973602dee1.script,AlphaMask2Map,%databuild_art_root%/material_library/_generic_textures/scratches/scratches_metal_heavy.tga
baskets.SCNE,basket_stanchioni2_nba:bracket_rubber_black_mat,asset.fx#987a30aa299db703,asset.5ea21e973602dee1.script,ConeAngleMap,%databuild_art_root%/asset_library/basket_stanchion_all/texture/basket_stanchioni_nba_bracket_ao.png
baskets.SCNE,basket_stanchioni2_nba:bracket_rubber_black_mat,asset.fx#987a30aa299db703,asset.5ea21e973602dee1.script,NormalMap,%databuild_art_root%/material_library/_generic_textures/surface_variations/fractal_blurred_normal.png
baskets.SCNE,basket_stanchioni2_nba:shot_dots,asset.fx#9db47401f4082e4f,asset.8c23e005f8ff0caa.script,AlbedoMap,%databuild_art_root%/asset_library/_generic_textures/basket_stanchion_textures/timeboard_number_timeout_c.tga
baskets.SCNE,basket_stanchioni2_nba:shot_dots,asset.fx#9db47401f4082e4f,asset.8c23e005f8ff0caa.script,NormalMap,%databuild_art_root%/asset_library/_generic_textures/basket_stanchion_textures/timeboard_number_big_n.tga
baskets.SCNE,basket_stanchioni2_nba:rimr_mat,basket_rim_reflection.fx#b1be57904d02fc50,basket_rim_reflection.d6a0ed441ce24703.script,Albedo,%databuild_art_root%/asset_library/basket_rim_nba/texture/basket_rim_nba_mat_basecolor.png
baskets.SCNE,basket_stanchioni2_nba:shot_up,asset.fx#9a6f2419c1c30297,asset.415ec2a990131817.script,AlbedoMap,%databuild_art_root%/asset_library/_generic_textures/basket_stanchion_textures/timeboard_number_c.tga
baskets.SCNE,basket_stanchioni2_nba:shot_up,asset.fx#9a6f2419c1c30297,asset.415ec2a990131817.script,NormalMap,%databuild_art_root%/asset_library/_generic_textures/basket_stanchion_textures/timeboard_number_n.tga
baskets.SCNE,basket_stanchioni2_nba:bracket_chrome_midgray_mat,asset.fx#987a30aa299db703,asset.5ea21e973602dee1.script,AddOn1NormalMap,%databuild_art_root%/asset_library/basket_stanchion_all/texture/basket_stanchioni_nba_bracket_n.png
baskets.SCNE,basket_stanchioni2_nba:bracket_chrome_midgray_mat,asset.fx#987a30aa299db703,asset.5ea21e973602dee1.script,AlphaMask2Map,%databuild_art_root%/material_library/_generic_textures/grunges/substanceprocedural_grunge_watery_012.tga
baskets.SCNE,basket_stanchioni2_nba:bracket_chrome_midgray_mat,asset.fx#987a30aa299db703,asset.5ea21e973602dee1.script,ConeAngleMap,%databuild_art_root%/asset_library/basket_stanchion_all/texture/basket_stanchioni_nba_bracket_ao.png
baskets.SCNE,basket_stanchioni2_nba:bracket_chrome_midgray_mat,asset.fx#987a30aa299db703,asset.5ea21e973602dee1.script,NormalMap,%databuild_art_root%/material_library/_generic_textures/surface_variations/surfacevariation_metal_gold_normal.tga
baskets.SCNE,basket_stanchioni2_nba:shotclock_metal_paint_charcoal_mat,asset.fx#9c34017bd32dbf98,asset.59966aac203e9684.script,AddOn1NormalMap,%databuild_art_root%/asset_library/basket_stanchion_all/texture/basket_stanchioni_nba_shotclock_n.png
baskets.SCNE,basket_stanchioni2_nba:shotclock_metal_paint_charcoal_mat,asset.fx#9c34017bd32dbf98,asset.59966aac203e9684.script,AddOn2NormalAndRoughMap,AddOn2NormalAndRoughMap#d27a071e_1439
baskets.SCNE,basket_stanchioni2_nba:shotclock_metal_paint_charcoal_mat,asset.fx#9c34017bd32dbf98,asset.59966aac203e9684.script,AddOn2Sampler,
baskets.SCNE,basket_stanchioni2_nba:shotclock_metal_paint_charcoal_mat,asset.fx#9c34017bd32dbf98,asset.59966aac203e9684.script,ConeAngleMap,%databuild_art_root%/asset_library/basket_stanchion_all/texture/basket_stanchioni_nba_shotclock_ao.png
baskets.SCNE,basket_stanchioni2_nba:shotclock_metal_paint_charcoal_mat,asset.fx#9c34017bd32dbf98,asset.59966aac203e9684.script,NormalAndRoughMap,NormalAndRoughMap#d595eca6_1763
baskets.SCNE,basket_stanchioni2_nba:6a4e4e89:padding_logo_upright_sides_mat,asset.fx#f637bd98059d2478,asset.aa8f39dcfc80b40d.script,NormalMap,%databuild_art_root%/material_library/_generic_textures/surface_variations/surface_variation_fractalsumbase_normal.png
baskets.SCNE,basket_stanchioni2_nba:6a4e4e89:padding_logo_upright_sides_mat,asset.fx#f637bd98059d2478,asset.aa8f39dcfc80b40d.script,TextureBasedNoiseMap,%databuild_art_root%/general/defaults/shader_referenced_textures/texturebasednoise/linear_pixel_noise_midtomin/linear_pixel_noise_midtomin.dds
baskets.SCNE,basket_stanchioni2_nba:rim_hinge_mat,asset.fx#3a89cbd216d35da2,asset.13e1e8015d8629ab.script,AddOn1NormalAndRoughMap,AddOn1NormalAndRoughMap#b4e8305a_1449
baskets.SCNE,basket_stanchioni2_nba:rim_hinge_mat,asset.fx#3a89cbd216d35da2,asset.13e1e8015d8629ab.script,AddOn1Sampler,
baskets.SCNE,basket_stanchioni2_nba:rim_hinge_mat,asset.fx#3a89cbd216d35da2,asset.13e1e8015d8629ab.script,NormalAndRoughMap,NormalAndRoughMap#a43999f1_1765
baskets.SCNE,basket_stanchioni2_nba:bracket_metal_paint_charcoal_mat,asset.fx#9c34017bd32dbf98,asset.59966aac203e9684.script,AddOn1NormalMap,%databuild_art_root%/asset_library/basket_stanchion_all/texture/basket_stanchioni_nba_bracket_n.png
baskets.SCNE,basket_stanchioni2_nba:bracket_metal_paint_charcoal_mat,asset.fx#9c34017bd32dbf98,asset.59966aac203e9684.script,AddOn2NormalAndRoughMap,AddOn2NormalAndRoughMap#76f5fdfc_1450
baskets.SCNE,basket_stanchioni2_nba:bracket_metal_paint_charcoal_mat,asset.fx#9c34017bd32dbf98,asset.59966aac203e9684.script,AddOn2Sampler,
baskets.SCNE,basket_stanchioni2_nba:bracket_metal_paint_charcoal_mat,asset.fx#9c34017bd32dbf98,asset.59966aac203e9684.script,ConeAngleMap,%databuild_art_root%/asset_library/basket_stanchion_all/texture/basket_stanchioni_nba_bracket_ao.png
baskets.SCNE,basket_stanchioni2_nba:bracket_metal_paint_charcoal_mat,asset.fx#9c34017bd32dbf98,asset.59966aac203e9684.script,NormalAndRoughMap,NormalAndRoughMap#10b896d9_1766
baskets.SCNE,basket_stanchioni2_nba:led_light_strips_yellow,layer_base.fx#d29cd5d7a05453bc,layer_base.1d81b63f1594f817.script,AlbedoMap,%databuild_art_root%/substance_library/graphs/led_endofquarter_bulbs/exports/led_endofquarter_bulbs_yellow_basecolor.png
baskets.SCNE,basket_stanchioni2_nba:led_light_strips_yellow,layer_base.fx#d29cd5d7a05453bc,layer_base.1d81b63f1594f817.script,EmissiveAlbedoMap,%databuild_art_root%/substance_library/graphs/led_endofquarter_bulbs/exports/led_endofquarter_bulbs_emissive.png
baskets.SCNE,basket_stanchioni2_nba:led_light_strips_yellow,layer_base.fx#d29cd5d7a05453bc,layer_base.1d81b63f1594f817.script,NormalAndRoughMap,NormalAndRoughMap#914a651a_1602
baskets.SCNE,basket_stanchioni2_nba:shot_bottom,asset.fx#9a6f2419c1c30297,asset.415ec2a990131817.script,AlbedoMap,%databuild_art_root%/asset_library/_generic_textures/basket_stanchion_textures/timeboard_number_big_c.tga
baskets.SCNE,basket_stanchioni2_nba:shot_bottom,asset.fx#9a6f2419c1c30297,asset.415ec2a990131817.script,NormalMap,%databuild_art_root%/asset_library/_generic_textures/basket_stanchion_textures/timeboard_number_big_n.tga
crowd.SCNE,crowdcard_mat,crowdcard_effect#8da423886f4dd9fc,crowdcard_effect#8da423886f4dd9fc.0ce3a2cdf743a950.script,,
level.SCNE,electrical_outleta_dual:sockets_and_light_switch_01_mat1,asset_CLOD.fx#291f54f5df2a94dd,asset_CLOD.58e04f59f9d8f925.script,AlbedoMap,%databuild_art_root%/asset_library/electrical_outleta_dual/texture/sockets_and_lightswitch_01_a.png
level.SCNE,electrical_outleta_dual:sockets_and_light_switch_01_mat1,asset_CLOD.fx#291f54f5df2a94dd,asset_CLOD.58e04f59f9d8f925.script,MetalMap,%databuild_art_root%/asset_library/electrical_outleta_dual/texture/sockets_and_lightswitch_01_m.png
level.SCNE,electrical_outleta_dual:sockets_and_light_switch_01_mat1,asset_CLOD.fx#291f54f5df2a94dd,asset_CLOD.58e04f59f9d8f925.script,NormalAndRoughMap,NormalAndRoughMap#3ce35d38_1646
level.SCNE,clutchtime_balcony_b:balcony_mat,layer_base_CLOD.fx#72407e286031da1b,layer_base_CLOD.5e02b4571b7eb42d.script,AlbedoMap,%databuild_art_root%/substance_library/graphs/floor_hardwood/exports/floor_hardwood_mahogany_planks_basecolor.png
level.SCNE,clutchtime_balcony_b:balcony_mat,layer_base_CLOD.fx#72407e286031da1b,layer_base_CLOD.5e02b4571b7eb42d.script,NormalAndRoughMap,NormalAndRoughMap#2e150571_1562
level.SCNE,clutchtime_stair_3step:steps_mat,layer_base_CLOD.fx#a1325a28feccb68e,layer_base_CLOD.9e9774ea370388a6.script,AlbedoMap,%databuild_art_root%/substance_library/graphs/carpet_twisted_ridges/exports/carpet_twisted_ridges_violet_basecolor.png
level.SCNE,clutchtime_stair_3step:steps_mat,layer_base_CLOD.fx#a1325a28feccb68e,layer_base_CLOD.9e9774ea370388a6.script,ConeAngleMap,%databuild_art_root%/substance_library/graphs/carpet_twisted_ridges/exports/carpet_twisted_ridges_ambientocclusion.png
level.SCNE,clutchtime_stair_3step:steps_mat,layer_base_CLOD.fx#a1325a28feccb68e,layer_base_CLOD.9e9774ea370388a6.script,NormalAndRoughMap,NormalAndRoughMap#f958e0e1_1586
level.SCNE,curtain100x20_arena_straight400c:curtain_arena_mat,asset_CLOD.fx#9b8b0db98fddbcf,asset_CLOD.3c6e786bfba65bcb.script,AddOn1NormalMap,%databuild_art_root%/asset_library/_generic_textures/curtain100x20_arena_straight200a_n.png
level.SCNE,curtain100x20_arena_straight400c:curtain_arena_mat,asset_CLOD.fx#9b8b0db98fddbcf,asset_CLOD.3c6e786bfba65bcb.script,AddOn2AlbedoMap,%databuild_art_root%/material_library/_generic_textures/grunges/substanceprocedural_dirt_4.tga
level.SCNE,curtain100x20_arena_straight400c:curtain_arena_mat,asset_CLOD.fx#9b8b0db98fddbcf,asset_CLOD.3c6e786bfba65bcb.script,AddOn2Sampler,
level.SCNE,curtain100x20_arena_straight400c:curtain_arena_mat,asset_CLOD.fx#9b8b0db98fddbcf,asset_CLOD.3c6e786bfba65bcb.script,AlbedoMap,%databuild_art_root%/substance_library/graphs/cloth_cotton/exports/cloth_cotton_basecolor.png
level.SCNE,curtain100x20_arena_straight400c:curtain_arena_mat,asset_CLOD.fx#9b8b0db98fddbcf,asset_CLOD.3c6e786bfba65bcb.script,NormalAndRoughMap,NormalAndRoughMap#9f888e21_1575
level.SCNE,clutchtime_mural_wall:mural4_mat,asset_CLOD.fx#f36e1079bf6d0bfa,asset_CLOD.a89f798b72b4fb10.script,AddOn1RoughMap,%databuild_art_root%/asset_library/_generic_textures/brushed_metal_tileable_r.tga
level.SCNE,clutchtime_mural_wall:mural4_mat,asset_CLOD.fx#f36e1079bf6d0bfa,asset_CLOD.a89f798b72b4fb10.script,AddOn1Sampler,
level.SCNE,clutchtime_mural_wall:mural4_mat,asset_CLOD.fx#f36e1079bf6d0bfa,asset_CLOD.a89f798b72b4fb10.script,AlbedoMap,%databuild_art_root%/asset_library/clutchtime_mural_wall/texture/clutchtime_mural_04.png
level.SCNE,clutchtime_mural_wall:mural4_mat,asset_CLOD.fx#f36e1079bf6d0bfa,asset_CLOD.a89f798b72b4fb10.script,RoughMap,%databuild_art_root%/asset_library/_generic_textures/metal_steel_brushed_r.tga
level.SCNE,clutchtime_court_dorna:frame1_mat,asset_CLOD.fx#2655a52b17986410,asset_CLOD.84698768380ae430.script,AlbedoMap,%databuild_art_root%/material_library/_generic_textures/colors/color_grey_464646.png
level.SCNE,clutchtime_court_dorna:frame1_mat,asset_CLOD.fx#2655a52b17986410,asset_CLOD.84698768380ae430.script,AlphaMask2Map,%databuild_art_root%/material_library/_generic_textures/grunges/substanceprocedural_dirt_4.tga
level.SCNE,clutchtime_court_dorna:frame1_mat,asset_CLOD.fx#2655a52b17986410,asset_CLOD.84698768380ae430.script,NormalAndRoughMap,NormalAndRoughMap#cbd66d98_1616
level.SCNE,doorframe_interiorhingeless_double:door_frame_mat,asset_CLOD.fx#f732df13f4b120f8,asset_CLOD.499b557322fb2f52.script,AddOn1NormalAndRoughMap,AddOn1NormalAndRoughMap#2007db01_1449
level.SCNE,doorframe_interiorhingeless_double:door_frame_mat,asset_CLOD.fx#f732df13f4b120f8,asset_CLOD.499b557322fb2f52.script,AddOn1Sampler,
level.SCNE,doorframe_interiorhingeless_double:door_frame_mat,asset_CLOD.fx#f732df13f4b120f8,asset_CLOD.499b557322fb2f52.script,NormalAndRoughMap,NormalAndRoughMap#c7e2d483_1751
level.SCNE,chair_arenacrowd_seatbackcushion:rubber_mat,layer_base_CLOD.fx#d3ba7bf0a614d0f3,layer_base_CLOD.5e02b4571b7eb42d.script,AlbedoMap,%databuild_art_root%/substance_library/graphs/plastic_rough_base/exports/plastic_rough_base_black_basecolor.png
level.SCNE,chair_arenacrowd_seatbackcushion:rubber_mat,layer_base_CLOD.fx#d3ba7bf0a614d0f3,layer_base_CLOD.5e02b4571b7eb42d.script,MeshMapConeAngleMap,%databuild_art_root%/asset_library/chair_arena_kit/texture/chair_arenacrowd_seatbackcushion_mat_ao.png
level.SCNE,chair_arenacrowd_seatbackcushion:rubber_mat,layer_base_CLOD.fx#d3ba7bf0a614d0f3,layer_base_CLOD.5e02b4571b7eb42d.script,MeshMapNormalMap,%databuild_art_root%/asset_library/chair_arena_kit/texture/chair_arenacrowd_seatbackcushion_mat_normal.png
level.SCNE,chair_arenacrowd_seatbackcushion:rubber_mat,layer_base_CLOD.fx#d3ba7bf0a614d0f3,layer_base_CLOD.5e02b4571b7eb42d.script,NormalAndRoughMap,NormalAndRoughMap#7b1e8eb5_1538
level.SCNE,chair_arenacrowd_seatbackcushion:metal_mat,layer_base_CLOD.fx#68afb330cdeac8cd,layer_base_CLOD.b2bc46f9b344f041.script,AlbedoMap,%databuild_art_root%/substance_library/graphs/anodized_aluminium/exports/anodized_aluminium_black_basecolor.png
level.SCNE,chair_arenacrowd_seatbackcushion:metal_mat,layer_base_CLOD.fx#68afb330cdeac8cd,layer_base_CLOD.b2bc46f9b344f041.script,MeshMapConeAngleMap,%databuild_art_root%/asset_library/chair_arena_kit/texture/chair_arenacrowd_seatbackcushion_mat_ao.png
level.SCNE,chair_arenacrowd_seatbackcushion:metal_mat,layer_base_CLOD.fx#68afb330cdeac8cd,layer_base_CLOD.b2bc46f9b344f041.script,MeshMapNormalMap,%databuild_art_root%/asset_library/chair_arena_kit/texture/chair_arenacrowd_seatbackcushion_mat_normal.png
level.SCNE,chair_arenacrowd_seatbackcushion:metal_mat,layer_base_CLOD.fx#68afb330cdeac8cd,layer_base_CLOD.b2bc46f9b344f041.script,MetalMap,%databuild_art_root%/substance_library/graphs/anodized_aluminium/exports/anodized_aluminium_metallic.png
level.SCNE,chair_arenacrowd_seatbackcushion:metal_mat,layer_base_CLOD.fx#68afb330cdeac8cd,layer_base_CLOD.b2bc46f9b344f041.script,NormalAndRoughMap,NormalAndRoughMap#c96ee863_1538
level.SCNE,clutchtime_mural_wall:mural5_mat,asset_CLOD.fx#f36e1079bf6d0bfa,asset_CLOD.a89f798b72b4fb10.script,AddOn1RoughMap,%databuild_art_root%/asset_library/_generic_textures/brushed_metal_tileable_r.tga
level.SCNE,clutchtime_mural_wall:mural5_mat,asset_CLOD.fx#f36e1079bf6d0bfa,asset_CLOD.a89f798b72b4fb10.script,AddOn1Sampler,
level.SCNE,clutchtime_mural_wall:mural5_mat,asset_CLOD.fx#f36e1079bf6d0bfa,asset_CLOD.a89f798b72b4fb10.script,AlbedoMap,%databuild_art_root%/asset_library/clutchtime_mural_wall/texture/clutchtime_mural_05.png
level.SCNE,clutchtime_mural_wall:mural5_mat,asset_CLOD.fx#f36e1079bf6d0bfa,asset_CLOD.a89f798b72b4fb10.script,RoughMap,%databuild_art_root%/asset_library/_generic_textures/metal_steel_brushed_r.tga
level.SCNE,clutchtime_court_dornaled:flp_scrf02,led_CLOD.fx#14847e1a08124aa9,led_CLOD.7c5b8d240de87130.script,BaseSampler,
level.SCNE,clutchtime_court_dornaled:flp_scrf02,led_CLOD.fx#14847e1a08124aa9,led_CLOD.7c5b8d240de87130.script,BaseTexture,%databuild_art_root%/material_library/arena_led_s/texture/flp_cr02.png
level.SCNE,clutchtime_court_dornaled:flp_scrf06,led_CLOD.fx#14847e1a08124aa9,led_CLOD.7c5b8d240de87130.script,BaseSampler,
level.SCNE,clutchtime_court_dornaled:flp_scrf06,led_CLOD.fx#14847e1a08124aa9,led_CLOD.7c5b8d240de87130.script,BaseTexture,%databuild_art_root%/material_library/arena_led_s/texture/flp_cr02.png
level.SCNE,clutchtime_court_dornacorner:pad2_mat,asset_CLOD.fx#c6ab1a76a67ddaea,asset_CLOD.9e3034cec250c3a4.script,AddOn1AlbedoMap,%databuild_art_root%/material_library/_generic_textures/colors/color_grey_565656.png
level.SCNE,clutchtime_court_dornacorner:pad2_mat,asset_CLOD.fx#c6ab1a76a67ddaea,asset_CLOD.9e3034cec250c3a4.script,AddOn1Sampler,
level.SCNE,clutchtime_court_dornacorner:pad2_mat,asset_CLOD.fx#c6ab1a76a67ddaea,asset_CLOD.9e3034cec250c3a4.script,NormalAndRoughMap,NormalAndRoughMap#7818025a_1673
level.SCNE,clutchtime_scorecube_screen:dorna_LCD_mat,led_CLOD.fx#d167410ebd02544d,led_CLOD.1717576ec6898de1.script,BaseSampler,
level.SCNE,clutchtime_scorecube_screen:dorna_LCD_mat,led_CLOD.fx#d167410ebd02544d,led_CLOD.1717576ec6898de1.script,BaseTexture,%databuild_art_root%/material_library/arena_led_s/texture/led_ribbon_circles.png
level.SCNE,light_stage_spotlight:stage_spotlight_lens,asset_CLOD.fx#498de7d4a3aaebf1,asset_CLOD.66c16a29428db582.script,AlbedoMap,%databuild_art_root%/asset_library/light_stage_spotlight/texture/spotlight_fresnel_r.png
level.SCNE,light_stage_spotlight:stage_spotlight_lens,asset_CLOD.fx#498de7d4a3aaebf1,asset_CLOD.66c16a29428db582.script,NormalAndRoughMap,NormalAndRoughMap#b865459e_1561
level.SCNE,clutchtime_court_dornaled:flp_scrf12,led_CLOD.fx#14847e1a08124aa9,led_CLOD.7c5b8d240de87130.script,BaseSampler,
level.SCNE,clutchtime_court_dornaled:flp_scrf12,led_CLOD.fx#14847e1a08124aa9,led_CLOD.7c5b8d240de87130.script,BaseTexture,%databuild_art_root%/material_library/arena_led_s/texture/flp_cr02.png
level.SCNE,clutchtime_ceiling_a:ceilinga_mat,asset_CLOD.fx#208c0c57e2b67b71,asset_CLOD.62e37e2d3de966f5.script,AddOn1AlbedoMap,%databuild_art_root%/material_library/_generic_textures/grunges/substanceprocedural_grunge_surface_006.tga
level.SCNE,clutchtime_ceiling_a:ceilinga_mat,asset_CLOD.fx#208c0c57e2b67b71,asset_CLOD.62e37e2d3de966f5.script,AddOn1RoughMap,%databuild_art_root%/material_library/_generic_textures/grunges/substanceprocedural_grunge_surface_006.tga
level.SCNE,clutchtime_ceiling_a:ceilinga_mat,asset_CLOD.fx#208c0c57e2b67b71,asset_CLOD.62e37e2d3de966f5.script,AddOn1Sampler,
level.SCNE,clutchtime_ceiling_a:ceilinga_mat,asset_CLOD.fx#208c0c57e2b67b71,asset_CLOD.62e37e2d3de966f5.script,AlbedoMap,%databuild_art_root%/substance_library/graphs/concrete_spotted/exports/concrete_spotted_basecolor.png
level.SCNE,clutchtime_ceiling_a:ceilinga_mat,asset_CLOD.fx#208c0c57e2b67b71,asset_CLOD.62e37e2d3de966f5.script,NormalAndRoughMap,NormalAndRoughMap#2e6a4cae_1639
level.SCNE,door_interiorwindowb_leftdbl:door_interior_glass,simplepbr_CLOD.fx#62587bfb3cade0d2,simplepbr_CLOD.a4adb603dec56647.script,AlbedoMap,%databuild_art_root%/asset_library/_generic_textures/door_double_glass_mat_c.png
level.SCNE,door_interiorwindowb_leftdbl:door_interior_glass,simplepbr_CLOD.fx#62587bfb3cade0d2,simplepbr_CLOD.a4adb603dec56647.script,NormalAndRoughMap,NormalAndRoughMap#a68a9e37_1345
level.SCNE,clutchtime_mural_wall:mural_mat,asset_CLOD.fx#208c0c57e2b67b71,asset_CLOD.62e37e2d3de966f5.script,AddOn1AlbedoMap,%databuild_art_root%/material_library/_generic_textures/grunges/substanceprocedural_grunge_surface_006.tga
level.SCNE,clutchtime_mural_wall:mural_mat,asset_CLOD.fx#208c0c57e2b67b71,asset_CLOD.62e37e2d3de966f5.script,AddOn1RoughMap,%databuild_art_root%/material_library/_generic_textures/grunges/substanceprocedural_grunge_surface_006.tga
level.SCNE,clutchtime_mural_wall:mural_mat,asset_CLOD.fx#208c0c57e2b67b71,asset_CLOD.62e37e2d3de966f5.script,AddOn1Sampler,
level.SCNE,clutchtime_mural_wall:mural_mat,asset_CLOD.fx#208c0c57e2b67b71,asset_CLOD.62e37e2d3de966f5.script,AlbedoMap,%databuild_art_root%/substance_library/graphs/concrete_spotted/exports/concrete_spotted_basecolor.png
level.SCNE,clutchtime_mural_wall:mural_mat,asset_CLOD.fx#208c0c57e2b67b71,asset_CLOD.62e37e2d3de966f5.script,NormalAndRoughMap,NormalAndRoughMap#2e6a4cae_1639
level.SCNE,clutchtime_court_dornaled:flp_scrf13,led_CLOD.fx#14847e1a08124aa9,led_CLOD.7c5b8d240de87130.script,BaseSampler,
level.SCNE,clutchtime_court_dornaled:flp_scrf13,led_CLOD.fx#14847e1a08124aa9,led_CLOD.7c5b8d240de87130.script,BaseTexture,%databuild_art_root%/material_library/arena_led_s/texture/flp_cr02.png
level.SCNE,clutchtime_scorecube_supportpipes:pipes_mat,sng_multimaterial_CLOD.fx#dcf4bb7e14b597db,sng_multimaterial_CLOD.b03b46481e2c8b4d.script,basemat_albedo,%databuild_art_root%/substance_library/graphs/painted_metal_scratched/exports/painted_metal_scratched_basecolor.png
level.SCNE,clutchtime_scorecube_supportpipes:pipes_mat,sng_multimaterial_CLOD.fx#dcf4bb7e14b597db,sng_multimaterial_CLOD.b03b46481e2c8b4d.script,basemat_metallic,%databuild_art_root%/substance_library/graphs/painted_metal_scratched/exports/painted_metal_scratched_metallic.png
level.SCNE,clutchtime_scorecube_supportpipes:pipes_mat,sng_multimaterial_CLOD.fx#dcf4bb7e14b597db,sng_multimaterial_CLOD.b03b46481e2c8b4d.script,basemat_normal,%databuild_art_root%/substance_library/graphs/painted_metal_scratched/exports/painted_metal_scratched_normal.png
level.SCNE,clutchtime_scorecube_supportpipes:pipes_mat,sng_multimaterial_CLOD.fx#dcf4bb7e14b597db,sng_multimaterial_CLOD.b03b46481e2c8b4d.script,basemat_roughness,%databuild_art_root%/substance_library/graphs/painted_metal_scratched/exports/painted_metal_scratched_roughness.png
level.SCNE,lighting_suspendedtrack_metalb:glass_mat,asset_CLOD.fx#8d8105ec7d037166,asset_CLOD.4c5460a17270fca9.script,AddOn1AlbedoMap,%databuild_art_root%/material_library/_generic_textures/patterns/glowing_source_round.png
level.SCNE,lighting_suspendedtrack_metalb:glass_mat,asset_CLOD.fx#8d8105ec7d037166,asset_CLOD.4c5460a17270fca9.script,AddOn1Sampler,
level.SCNE,lighting_suspendedtrack_metalb:glass_mat,asset_CLOD.fx#8d8105ec7d037166,asset_CLOD.4c5460a17270fca9.script,RoughMap,%databuild_art_root%/material_library/_generic_textures/grunges/substanceprocedural_grunge_surface_001.tga
level.SCNE,light_stage_spotlight:stage_spotlight_metal,asset_CLOD.fx#428adcad440f2378,asset_CLOD.499b557322fb2f52.script,AddOn1NormalAndRoughMap,AddOn1NormalAndRoughMap#eabf13f5_1440
level.SCNE,light_stage_spotlight:stage_spotlight_metal,asset_CLOD.fx#428adcad440f2378,asset_CLOD.499b557322fb2f52.script,AddOn1Sampler,
level.SCNE,light_stage_spotlight:stage_spotlight_metal,asset_CLOD.fx#428adcad440f2378,asset_CLOD.499b557322fb2f52.script,NormalAndRoughMap,NormalAndRoughMap#6377b8aa_1765
level.SCNE,clutchtime_stair_3step:light_mat,asset_CLOD.fx#5929216973ae368,asset_CLOD.4c5460a17270fca9.script,AddOn1AlbedoMap,%databuild_art_root%/material_library/_generic_textures/patterns/glowing_source_linear.png
level.SCNE,clutchtime_stair_3step:light_mat,asset_CLOD.fx#5929216973ae368,asset_CLOD.4c5460a17270fca9.script,AddOn1Sampler,
level.SCNE,clutchtime_stair_3step:light_mat,asset_CLOD.fx#5929216973ae368,asset_CLOD.4c5460a17270fca9.script,RoughMap,%databuild_art_root%/material_library/_generic_textures/grunges/substanceprocedural_grunge_surface_001.tga
level.SCNE,clutchtime_wall_c:wall_mat,layer_combined_CLOD.fx#6b1cce8715e07bb8,layer_combined_CLOD.d44e17364f15193f.script,CombinedLayerMaskMap,CombinedLayerMaskMap#db2ae958_935
level.SCNE,clutchtime_wall_c:wall_mat,layer_combined_CLOD.fx#6b1cce8715e07bb8,layer_combined_CLOD.d44e17364f15193f.script,LAYER0_AlbedoMap,%databuild_art_root%/substance_library/graphs/concrete_slats/exports/concrete_slats_basecolor.png
level.SCNE,clutchtime_wall_c:wall_mat,layer_combined_CLOD.fx#6b1cce8715e07bb8,layer_combined_CLOD.d44e17364f15193f.script,LAYER0_ConeAngleMap,%databuild_art_root%/substance_library/graphs/concrete_slats/exports/concrete_slats_ambientocclusion.png
level.SCNE,clutchtime_wall_c:wall_mat,layer_combined_CLOD.fx#6b1cce8715e07bb8,layer_combined_CLOD.d44e17364f15193f.script,LAYER0_NormalAndRoughMap,LAYER0_NormalAndRoughMap#fb56a21f_1474
level.SCNE,clutchtime_wall_c:wall_mat,layer_combined_CLOD.fx#6b1cce8715e07bb8,layer_combined_CLOD.d44e17364f15193f.script,LAYER1_AlbedoMap,%databuild_art_root%/substance_library/graphs/concrete_slats/exports/concrete_slats_basecolor.png
level.SCNE,clutchtime_wall_c:wall_mat,layer_combined_CLOD.fx#6b1cce8715e07bb8,layer_combined_CLOD.d44e17364f15193f.script,LAYER1_ConeAngleMap,%databuild_art_root%/substance_library/graphs/concrete_slats/exports/concrete_slats_ambientocclusion.png
level.SCNE,clutchtime_wall_c:wall_mat,layer_combined_CLOD.fx#6b1cce8715e07bb8,layer_combined_CLOD.d44e17364f15193f.script,LAYER1_NormalAndRoughMap,LAYER1_NormalAndRoughMap#456c289a_1474
level.SCNE,light_ceilinga_round:frame_mat,asset_CLOD.fx#2a3bc486286be07,asset_CLOD.5a8f017e10339ca8.script,AlphaMaskMap,%databuild_art_root%/material_library/_generic_textures/scratches/scratches_metal_heavy.tga
level.SCNE,light_ceilinga_round:frame_mat,asset_CLOD.fx#2a3bc486286be07,asset_CLOD.5a8f017e10339ca8.script,NormalMap,%databuild_art_root%/material_library/_generic_textures/surface_variations/surfacevariation_metal_gold_normal.tga
level.SCNE,chair_arenacrowd_seatbackcushion:leather_mat,layer_base_CLOD.fx#c85ff038e9bc66,layer_base_CLOD.9e9774ea370388a6.script,AlbedoMap,%databuild_art_root%/substance_library/graphs/leather_fine_touch/exports/leather_fine_touch_black_basecolor.png
level.SCNE,chair_arenacrowd_seatbackcushion:leather_mat,layer_base_CLOD.fx#c85ff038e9bc66,layer_base_CLOD.9e9774ea370388a6.script,ConeAngleMap,%databuild_art_root%/substance_library/graphs/leather_fine_touch/exports/leather_fine_touch_ambientocclusion.png
level.SCNE,chair_arenacrowd_seatbackcushion:leather_mat,layer_base_CLOD.fx#c85ff038e9bc66,layer_base_CLOD.9e9774ea370388a6.script,MeshMapConeAngleMap,%databuild_art_root%/asset_library/chair_arena_kit/texture/chair_arenacrowd_seatbackcushion_mat_ao.png
level.SCNE,chair_arenacrowd_seatbackcushion:leather_mat,layer_base_CLOD.fx#c85ff038e9bc66,layer_base_CLOD.9e9774ea370388a6.script,MeshMapNormalMap,%databuild_art_root%/asset_library/chair_arena_kit/texture/chair_arenacrowd_seatbackcushion_mat_normal.png
level.SCNE,chair_arenacrowd_seatbackcushion:leather_mat,layer_base_CLOD.fx#c85ff038e9bc66,layer_base_CLOD.9e9774ea370388a6.script,NormalAndRoughMap,NormalAndRoughMap#dc1ad81e_1538
level.SCNE,clutchtime_ceilingpanellight_e:lighte_mat,asset_CLOD.fx#5929216973ae368,asset_CLOD.4c5460a17270fca9.script,AddOn1AlbedoMap,%databuild_art_root%/material_library/_generic_textures/patterns/glowing_source_linear.png
level.SCNE,clutchtime_ceilingpanellight_e:lighte_mat,asset_CLOD.fx#5929216973ae368,asset_CLOD.4c5460a17270fca9.script,AddOn1Sampler,
level.SCNE,clutchtime_ceilingpanellight_e:lighte_mat,asset_CLOD.fx#5929216973ae368,asset_CLOD.4c5460a17270fca9.script,RoughMap,%databuild_art_root%/material_library/_generic_textures/grunges/substanceprocedural_grunge_surface_001.tga
level.SCNE,clutchtime_court_dornaled:flp_scrf07,led_CLOD.fx#14847e1a08124aa9,led_CLOD.7c5b8d240de87130.script,BaseSampler,
level.SCNE,clutchtime_court_dornaled:flp_scrf07,led_CLOD.fx#14847e1a08124aa9,led_CLOD.7c5b8d240de87130.script,BaseTexture,%databuild_art_root%/material_library/arena_led_s/texture/flp_cr02.png
level.SCNE,clutchtime_court_dornaled:flp_scrf03,led_CLOD.fx#14847e1a08124aa9,led_CLOD.7c5b8d240de87130.script,BaseSampler,
level.SCNE,clutchtime_court_dornaled:flp_scrf03,led_CLOD.fx#14847e1a08124aa9,led_CLOD.7c5b8d240de87130.script,BaseTexture,%databuild_art_root%/material_library/arena_led_s/texture/flp_cr02.png
level.SCNE,clutchtime_mural_wall:led_mat,asset_CLOD.fx#5929216973ae368,asset_CLOD.4c5460a17270fca9.script,AddOn1AlbedoMap,%databuild_art_root%/material_library/_generic_textures/patterns/glowing_source_linear.png
level.SCNE,clutchtime_mural_wall:led_mat,asset_CLOD.fx#5929216973ae368,asset_CLOD.4c5460a17270fca9.script,AddOn1Sampler,
level.SCNE,clutchtime_mural_wall:led_mat,asset_CLOD.fx#5929216973ae368,asset_CLOD.4c5460a17270fca9.script,RoughMap,%databuild_art_root%/material_library/_generic_textures/grunges/substanceprocedural_grunge_surface_001.tga
level.SCNE,clutchtime_court_dorna:frame2_mat,asset_CLOD.fx#665af8aa17e9b3ec,asset_CLOD.aa7c7f4734576e44.script,AddOn1NormalAndRoughMap,AddOn1NormalAndRoughMap#2007db01_1449
level.SCNE,clutchtime_court_dorna:frame2_mat,asset_CLOD.fx#665af8aa17e9b3ec,asset_CLOD.aa7c7f4734576e44.script,AddOn1Sampler,
level.SCNE,clutchtime_court_dorna:frame2_mat,asset_CLOD.fx#665af8aa17e9b3ec,asset_CLOD.aa7c7f4734576e44.script,AlbedoMap,%databuild_art_root%/material_library/_generic_textures/colors/color_black_000000.png
level.SCNE,clutchtime_court_dorna:frame2_mat,asset_CLOD.fx#665af8aa17e9b3ec,asset_CLOD.aa7c7f4734576e44.script,NormalAndRoughMap,NormalAndRoughMap#c7e2d483_1751
level.SCNE,door_interiorwindowb_leftdbl:36dc6bdd:door_glass_mat,layer_base_CLOD.fx#c955b6e80bcfc225,layer_base_CLOD.b2bc46f9b344f041.script,AlbedoMap,%databuild_art_root%/substance_library/graphs/metal_aluminium/exports/metal_aluminium_basecolor.png
level.SCNE,door_interiorwindowb_leftdbl:36dc6bdd:door_glass_mat,layer_base_CLOD.fx#c955b6e80bcfc225,layer_base_CLOD.b2bc46f9b344f041.script,MetalMap,%databuild_art_root%/substance_library/graphs/metal_aluminium/exports/metal_aluminium_metallic.png
level.SCNE,door_interiorwindowb_leftdbl:36dc6bdd:door_glass_mat,layer_base_CLOD.fx#c955b6e80bcfc225,layer_base_CLOD.b2bc46f9b344f041.script,NormalAndRoughMap,NormalAndRoughMap#40afdefd_1490
level.SCNE,clutchtime_balcony_railing:railing_mat,layer_base_CLOD.fx#c955b6e80bcfc225,layer_base_CLOD.b2bc46f9b344f041.script,AlbedoMap,%databuild_art_root%/substance_library/graphs/metal_gold/exports/metal_gold_basecolor.png
level.SCNE,clutchtime_balcony_railing:railing_mat,layer_base_CLOD.fx#c955b6e80bcfc225,layer_base_CLOD.b2bc46f9b344f041.script,MetalMap,%databuild_art_root%/substance_library/graphs/metal_gold/exports/metal_gold_metallic.png
level.SCNE,clutchtime_balcony_railing:railing_mat,layer_base_CLOD.fx#c955b6e80bcfc225,layer_base_CLOD.b2bc46f9b344f041.script,NormalAndRoughMap,NormalAndRoughMap#dc3a6a54_1457
level.SCNE,clutchtime_wall_corner:wallcorner_mat,simplepbr_CLOD.fx#c1d1ddfde7a2add5,simplepbr_CLOD.a4adb603dec56647.script,AlbedoMap,%databuild_art_root%/substance_library/graphs/cast_concrete_blocks_wood/exports/concrete_tiles_wood001_basecolor.png
level.SCNE,clutchtime_wall_corner:wallcorner_mat,simplepbr_CLOD.fx#c1d1ddfde7a2add5,simplepbr_CLOD.a4adb603dec56647.script,NormalAndRoughMap,NormalAndRoughMap#300d1c8f_1544
level.SCNE,curtain100x20_arena_straight300c:curtain_arena_mat,asset_CLOD.fx#9b8b0db98fddbcf,asset_CLOD.3c6e786bfba65bcb.script,AddOn1NormalMap,%databuild_art_root%/asset_library/_generic_textures/curtain100x20_arena_straight150a.png
level.SCNE,curtain100x20_arena_straight300c:curtain_arena_mat,asset_CLOD.fx#9b8b0db98fddbcf,asset_CLOD.3c6e786bfba65bcb.script,AddOn2AlbedoMap,%databuild_art_root%/material_library/_generic_textures/grunges/substanceprocedural_dirt_4.tga
level.SCNE,curtain100x20_arena_straight300c:curtain_arena_mat,asset_CLOD.fx#9b8b0db98fddbcf,asset_CLOD.3c6e786bfba65bcb.script,AddOn2Sampler,
level.SCNE,curtain100x20_arena_straight300c:curtain_arena_mat,asset_CLOD.fx#9b8b0db98fddbcf,asset_CLOD.3c6e786bfba65bcb.script,AlbedoMap,%databuild_art_root%/substance_library/graphs/cloth_cotton/exports/cloth_cotton_basecolor.png
level.SCNE,curtain100x20_arena_straight300c:curtain_arena_mat,asset_CLOD.fx#9b8b0db98fddbcf,asset_CLOD.3c6e786bfba65bcb.script,NormalAndRoughMap,NormalAndRoughMap#9f888e21_1575
level.SCNE,clutchtime_ceiling_ribs:ceilingribs_mat,layer_base_CLOD.fx#1a2792e89532aeb0,layer_base_CLOD.ec4f41165bcb9f3d.script,AlbedoMap,%databuild_art_root%/material_library/concrete_dusty/texture/concrete_dusty_basecolor.png
level.SCNE,clutchtime_ceiling_ribs:ceilingribs_mat,layer_base_CLOD.fx#1a2792e89532aeb0,layer_base_CLOD.ec4f41165bcb9f3d.script,ConeAngleMap,%databuild_art_root%/material_library/concrete_dusty/texture/concrete_dusty_ambientocclusion.png
level.SCNE,clutchtime_ceiling_ribs:ceilingribs_mat,layer_base_CLOD.fx#1a2792e89532aeb0,layer_base_CLOD.ec4f41165bcb9f3d.script,MetalMap,%databuild_art_root%/material_library/concrete_dusty/texture/concrete_dusty_metallic.png
level.SCNE,clutchtime_ceiling_ribs:ceilingribs_mat,layer_base_CLOD.fx#1a2792e89532aeb0,layer_base_CLOD.ec4f41165bcb9f3d.script,NormalAndRoughMap,NormalAndRoughMap#a01c7991_1424
level.SCNE,clutchtime_stands_tunnel:tunnel_mat,simplepbr_CLOD.fx#c1d1ddfde7a2add5,simplepbr_CLOD.a4adb603dec56647.script,AlbedoMap,%databuild_art_root%/substance_library/graphs/cast_concrete_blocks_wood/exports/concrete_tiles_wood002_basecolor.png
level.SCNE,clutchtime_stands_tunnel:tunnel_mat,simplepbr_CLOD.fx#c1d1ddfde7a2add5,simplepbr_CLOD.a4adb603dec56647.script,NormalAndRoughMap,NormalAndRoughMap#56360bdf_1531
level.SCNE,box_electrical_commerciala:box_electrical_commercialA_mat,simplepbr_CLOD.fx#6df55f1de9bd20c,simplepbr_CLOD.ce09f2c08ab5e7fd.script,AlbedoMap,%databuild_art_root%/asset_library/box_electrical_commerciala/texture/box_electrical_commerciala_mat_c.png
level.SCNE,box_electrical_commerciala:box_electrical_commercialA_mat,simplepbr_CLOD.fx#6df55f1de9bd20c,simplepbr_CLOD.ce09f2c08ab5e7fd.script,ConeAngleMap,%databuild_art_root%/asset_library/box_electrical_commerciala/texture/box_electrical_commerciala_mat_ao.png
level.SCNE,box_electrical_commerciala:box_electrical_commercialA_mat,simplepbr_CLOD.fx#6df55f1de9bd20c,simplepbr_CLOD.ce09f2c08ab5e7fd.script,MetalMap,%databuild_art_root%/asset_library/box_electrical_commerciala/texture/box_electrical_commerciala_mat_m.png
level.SCNE,box_electrical_commerciala:box_electrical_commercialA_mat,simplepbr_CLOD.fx#6df55f1de9bd20c,simplepbr_CLOD.ce09f2c08ab5e7fd.script,NormalAndRoughMap,NormalAndRoughMap#e8190bc7_1466
level.SCNE,electrical_outlet_industrial:magic_props_socket_set_vrt_lght_mat,asset_CLOD.fx#e03eeb55d4f4252d,asset_CLOD.0246ff3f9f05c761.script,AlbedoMap,%databuild_art_root%/asset_library/electrical_outlet_industrial/texture/practice_gym_socket_set_c.png
level.SCNE,electrical_outlet_industrial:magic_props_socket_set_vrt_lght_mat,asset_CLOD.fx#e03eeb55d4f4252d,asset_CLOD.0246ff3f9f05c761.script,NormalAndRoughMap,NormalAndRoughMap#c8105279_1508
level.SCNE,light_ceilinga_round:light_mat,asset_CLOD.fx#5929216973ae368,asset_CLOD.4c5460a17270fca9.script,AddOn1AlbedoMap,%databuild_art_root%/material_library/_generic_textures/patterns/glowing_source_round.png
level.SCNE,light_ceilinga_round:light_mat,asset_CLOD.fx#5929216973ae368,asset_CLOD.4c5460a17270fca9.script,AddOn1Sampler,
level.SCNE,light_ceilinga_round:light_mat,asset_CLOD.fx#5929216973ae368,asset_CLOD.4c5460a17270fca9.script,RoughMap,%databuild_art_root%/material_library/_generic_textures/grunges/substanceprocedural_grunge_surface_001.tga
level.SCNE,electrical_switch_double:eletrical_switch_double,simplepbr_CLOD.fx#31064d399083cd56,simplepbr_CLOD.9cad528c1426248e.script,AlbedoMap,%databuild_art_root%/asset_library/electrical_switch_double/texture/eletrical_switch_double_basecolor.png
level.SCNE,electrical_switch_double:eletrical_switch_double,simplepbr_CLOD.fx#31064d399083cd56,simplepbr_CLOD.9cad528c1426248e.script,EmissiveAlbedoMap,%databuild_art_root%/asset_library/electrical_switch_double/texture/eletrical_switch_double_emissive.png
level.SCNE,electrical_switch_double:eletrical_switch_double,simplepbr_CLOD.fx#31064d399083cd56,simplepbr_CLOD.9cad528c1426248e.script,MetalMap,%databuild_art_root%/asset_library/electrical_switch_double/texture/eletrical_switch_double_metallic.png
level.SCNE,electrical_switch_double:eletrical_switch_double,simplepbr_CLOD.fx#31064d399083cd56,simplepbr_CLOD.9cad528c1426248e.script,NormalAndRoughMap,NormalAndRoughMap#8409c4aa_1443
level.SCNE,clutchtime_mural_wall:mural2_mat,asset_CLOD.fx#f36e1079bf6d0bfa,asset_CLOD.a89f798b72b4fb10.script,AddOn1RoughMap,%databuild_art_root%/asset_library/_generic_textures/brushed_metal_tileable_r.tga
level.SCNE,clutchtime_mural_wall:mural2_mat,asset_CLOD.fx#f36e1079bf6d0bfa,asset_CLOD.a89f798b72b4fb10.script,AddOn1Sampler,
level.SCNE,clutchtime_mural_wall:mural2_mat,asset_CLOD.fx#f36e1079bf6d0bfa,asset_CLOD.a89f798b72b4fb10.script,AlbedoMap,%databuild_art_root%/asset_library/clutchtime_mural_wall/texture/clutchtime_mural_02.png
level.SCNE,clutchtime_mural_wall:mural2_mat,asset_CLOD.fx#f36e1079bf6d0bfa,asset_CLOD.a89f798b72b4fb10.script,RoughMap,%databuild_art_root%/asset_library/_generic_textures/metal_steel_brushed_r.tga
level.SCNE,clutchtime_court_dornaled:flp_scrf11,led_CLOD.fx#14847e1a08124aa9,led_CLOD.7c5b8d240de87130.script,BaseSampler,
level.SCNE,clutchtime_court_dornaled:flp_scrf11,led_CLOD.fx#14847e1a08124aa9,led_CLOD.7c5b8d240de87130.script,BaseTexture,%databuild_art_root%/material_library/arena_led_s/texture/flp_cr02.png
level.SCNE,clutchtime_mural_wall:mural3_mat,asset_CLOD.fx#f36e1079bf6d0bfa,asset_CLOD.a89f798b72b4fb10.script,AddOn1RoughMap,%databuild_art_root%/asset_library/_generic_textures/brushed_metal_tileable_r.tga
level.SCNE,clutchtime_mural_wall:mural3_mat,asset_CLOD.fx#f36e1079bf6d0bfa,asset_CLOD.a89f798b72b4fb10.script,AddOn1Sampler,
level.SCNE,clutchtime_mural_wall:mural3_mat,asset_CLOD.fx#f36e1079bf6d0bfa,asset_CLOD.a89f798b72b4fb10.script,AlbedoMap,%databuild_art_root%/asset_library/clutchtime_mural_wall/texture/clutchtime_mural_03.png
level.SCNE,clutchtime_mural_wall:mural3_mat,asset_CLOD.fx#f36e1079bf6d0bfa,asset_CLOD.a89f798b72b4fb10.script,RoughMap,%databuild_art_root%/asset_library/_generic_textures/metal_steel_brushed_r.tga
level.SCNE,clutchtime_court_dorna:b15a0423:pad_mat,asset_CLOD.fx#c6ab1a76a67ddaea,asset_CLOD.9e3034cec250c3a4.script,AddOn1AlbedoMap,%databuild_art_root%/material_library/_generic_textures/colors/color_blue_00ffff.png
level.SCNE,clutchtime_court_dorna:b15a0423:pad_mat,asset_CLOD.fx#c6ab1a76a67ddaea,asset_CLOD.9e3034cec250c3a4.script,AddOn1Sampler,
level.SCNE,clutchtime_court_dorna:b15a0423:pad_mat,asset_CLOD.fx#c6ab1a76a67ddaea,asset_CLOD.9e3034cec250c3a4.script,NormalAndRoughMap,NormalAndRoughMap#7818025a_1673
level.SCNE,sign_exit_generic:sign_mat,simplepbr_CLOD.fx#31064d399083cd56,simplepbr_CLOD.9cad528c1426248e.script,AlbedoMap,%databuild_art_root%/asset_library/sign_exit_generic/texture/exit_sign_green_c.png
level.SCNE,sign_exit_generic:sign_mat,simplepbr_CLOD.fx#31064d399083cd56,simplepbr_CLOD.9cad528c1426248e.script,EmissiveAlbedoMap,%databuild_art_root%/asset_library/sign_exit_generic/texture/exit_sign_green_e.png
level.SCNE,sign_exit_generic:sign_mat,simplepbr_CLOD.fx#31064d399083cd56,simplepbr_CLOD.9cad528c1426248e.script,MetalMap,%databuild_art_root%/asset_library/sign_exit_generic/texture/exit_sign_green_m.png
level.SCNE,sign_exit_generic:sign_mat,simplepbr_CLOD.fx#31064d399083cd56,simplepbr_CLOD.9cad528c1426248e.script,NormalAndRoughMap,NormalAndRoughMap#6b90f47c_1274
level.SCNE,clutchtime_court_dornaled:flp_scrf01,led_CLOD.fx#14847e1a08124aa9,led_CLOD.7c5b8d240de87130.script,BaseSampler,
level.SCNE,clutchtime_court_dornaled:flp_scrf01,led_CLOD.fx#14847e1a08124aa9,led_CLOD.7c5b8d240de87130.script,BaseTexture,%databuild_art_root%/material_library/arena_led_s/texture/flp_cr02.png
level.SCNE,clutchtime_court_dornaled:flp_scrf05,led_CLOD.fx#14847e1a08124aa9,led_CLOD.7c5b8d240de87130.script,BaseSampler,
level.SCNE,clutchtime_court_dornaled:flp_scrf05,led_CLOD.fx#14847e1a08124aa9,led_CLOD.7c5b8d240de87130.script,BaseTexture,%databuild_art_root%/material_library/arena_led_s/texture/flp_cr02.png
level.SCNE,clutchtime_wall_f:wall_mat,layer_base_CLOD.fx#a1325a28feccb68e,layer_base_CLOD.9e9774ea370388a6.script,AlbedoMap,%databuild_art_root%/substance_library/graphs/tile_square_relief/exports/square_tile_relief_basecolor.png
level.SCNE,clutchtime_wall_f:wall_mat,layer_base_CLOD.fx#a1325a28feccb68e,layer_base_CLOD.9e9774ea370388a6.script,ConeAngleMap,%databuild_art_root%/substance_library/graphs/tile_square_relief/exports/square_tile_relief_ambientocclusion.png
level.SCNE,clutchtime_wall_f:wall_mat,layer_base_CLOD.fx#a1325a28feccb68e,layer_base_CLOD.9e9774ea370388a6.script,NormalAndRoughMap,NormalAndRoughMap#ebee4bc3_1546
level.SCNE,clutchtime_court_dornaled:flp_scrf09,led_CLOD.fx#14847e1a08124aa9,led_CLOD.7c5b8d240de87130.script,BaseSampler,
level.SCNE,clutchtime_court_dornaled:flp_scrf09,led_CLOD.fx#14847e1a08124aa9,led_CLOD.7c5b8d240de87130.script,BaseTexture,%databuild_art_root%/material_library/arena_led_s/texture/flp_cr02.png
level.SCNE,clutchtime_court_dornaled:flp_scrf04,led_CLOD.fx#14847e1a08124aa9,led_CLOD.7c5b8d240de87130.script,BaseSampler,
level.SCNE,clutchtime_court_dornaled:flp_scrf04,led_CLOD.fx#14847e1a08124aa9,led_CLOD.7c5b8d240de87130.script,BaseTexture,%databuild_art_root%/material_library/arena_led_s/texture/flp_cr02.png
level.SCNE,clutchtime_court_dornaled:flp_scrf08,led_CLOD.fx#14847e1a08124aa9,led_CLOD.7c5b8d240de87130.script,BaseSampler,
level.SCNE,clutchtime_court_dornaled:flp_scrf08,led_CLOD.fx#14847e1a08124aa9,led_CLOD.7c5b8d240de87130.script,BaseTexture,%databuild_art_root%/material_library/arena_led_s/texture/flp_cr02.png
level.SCNE,clutchtime_scorecube_screen:gamestats_ribbon_mat,led_CLOD.fx#d167410ebd02544d,led_CLOD.1717576ec6898de1.script,BaseSampler,
level.SCNE,clutchtime_scorecube_screen:gamestats_ribbon_mat,led_CLOD.fx#d167410ebd02544d,led_CLOD.1717576ec6898de1.script,BaseTexture,%databuild_art_root%/material_library/arena_led_s/texture/led_ribbon_circles_gamestats.png
level.SCNE,door_interiorwindowb_leftdbl:door_accessories_mat,asset_CLOD.fx#71e91f76384231ed,asset_CLOD.486c88a8fd9cc15f.script,AddOn1NormalAndRoughMap,AddOn1NormalAndRoughMap#96989270_1245
level.SCNE,door_interiorwindowb_leftdbl:door_accessories_mat,asset_CLOD.fx#71e91f76384231ed,asset_CLOD.486c88a8fd9cc15f.script,AlbedoMap,%databuild_art_root%/asset_library/_generic_textures/door_modular_accessories_a.tga
level.SCNE,door_interiorwindowb_leftdbl:door_accessories_mat,asset_CLOD.fx#71e91f76384231ed,asset_CLOD.486c88a8fd9cc15f.script,AlphaMask2Map,%databuild_art_root%/material_library/_generic_textures/scratches/scratches_metal_heavy.tga
level.SCNE,door_interiorwindowb_leftdbl:door_accessories_mat,asset_CLOD.fx#71e91f76384231ed,asset_CLOD.486c88a8fd9cc15f.script,ConeAngleMap,%databuild_art_root%/asset_library/_generic_textures/door_modular_accessories_ao.tga
level.SCNE,door_interiorwindowb_leftdbl:door_accessories_mat,asset_CLOD.fx#71e91f76384231ed,asset_CLOD.486c88a8fd9cc15f.script,NormalMap,%databuild_art_root%/material_library/_generic_textures/surface_variations/surfacevariation_metal_gold_normal.tga
level.SCNE,clutchtime_mural_wall:mural1_mat,asset_CLOD.fx#f36e1079bf6d0bfa,asset_CLOD.a89f798b72b4fb10.script,AddOn1RoughMap,%databuild_art_root%/asset_library/_generic_textures/brushed_metal_tileable_r.tga
level.SCNE,clutchtime_mural_wall:mural1_mat,asset_CLOD.fx#f36e1079bf6d0bfa,asset_CLOD.a89f798b72b4fb10.script,AddOn1Sampler,
level.SCNE,clutchtime_mural_wall:mural1_mat,asset_CLOD.fx#f36e1079bf6d0bfa,asset_CLOD.a89f798b72b4fb10.script,AlbedoMap,%databuild_art_root%/asset_library/clutchtime_mural_wall/texture/clutchtime_mural_01.png
level.SCNE,clutchtime_mural_wall:mural1_mat,asset_CLOD.fx#f36e1079bf6d0bfa,asset_CLOD.a89f798b72b4fb10.script,RoughMap,%databuild_art_root%/asset_library/_generic_textures/metal_steel_brushed_r.tga
level.SCNE,clutchtime_balcony_b:balcony2_amt,asset_CLOD.fx#208c0c57e2b67b71,asset_CLOD.62e37e2d3de966f5.script,AddOn1AlbedoMap,%databuild_art_root%/material_library/_generic_textures/grunges/substanceprocedural_grunge_surface_006.tga
level.SCNE,clutchtime_balcony_b:balcony2_amt,asset_CLOD.fx#208c0c57e2b67b71,asset_CLOD.62e37e2d3de966f5.script,AddOn1RoughMap,%databuild_art_root%/material_library/_generic_textures/grunges/substanceprocedural_grunge_surface_006.tga
level.SCNE,clutchtime_balcony_b:balcony2_amt,asset_CLOD.fx#208c0c57e2b67b71,asset_CLOD.62e37e2d3de966f5.script,AddOn1Sampler,
level.SCNE,clutchtime_balcony_b:balcony2_amt,asset_CLOD.fx#208c0c57e2b67b71,asset_CLOD.62e37e2d3de966f5.script,AlbedoMap,%databuild_art_root%/substance_library/graphs/concrete_spotted/exports/concrete_spotted_basecolor.png
level.SCNE,clutchtime_balcony_b:balcony2_amt,asset_CLOD.fx#208c0c57e2b67b71,asset_CLOD.62e37e2d3de966f5.script,NormalAndRoughMap,NormalAndRoughMap#2e6a4cae_1639
level.SCNE,clutchtime_scorecube_screen:metal_mat,sng_multimaterial_CLOD.fx#dcf4bb7e14b597db,sng_multimaterial_CLOD.b03b46481e2c8b4d.script,basemat_albedo,%databuild_art_root%/substance_library/graphs/painted_metal_scratched/exports/darkgrey_metal_scratched_basecolor.png
level.SCNE,clutchtime_scorecube_screen:metal_mat,sng_multimaterial_CLOD.fx#dcf4bb7e14b597db,sng_multimaterial_CLOD.b03b46481e2c8b4d.script,basemat_metallic,%databuild_art_root%/substance_library/graphs/painted_metal_scratched/exports/painted_metal_scratched_metallic.png
level.SCNE,clutchtime_scorecube_screen:metal_mat,sng_multimaterial_CLOD.fx#dcf4bb7e14b597db,sng_multimaterial_CLOD.b03b46481e2c8b4d.script,basemat_normal,%databuild_art_root%/substance_library/graphs/painted_metal_scratched/exports/painted_metal_scratched_normal.png
level.SCNE,clutchtime_scorecube_screen:metal_mat,sng_multimaterial_CLOD.fx#dcf4bb7e14b597db,sng_multimaterial_CLOD.b03b46481e2c8b4d.script,basemat_roughness,%databuild_art_root%/substance_library/graphs/painted_metal_scratched/exports/painted_metal_scratched_roughness.png
level.SCNE,lighting_suspendedtrack_metalb:lighting_suspendedtrack_metalb_vcfxshader,simplepbr_CLOD.fx#5533ce6093cfefc9,simplepbr_CLOD.9cad528c1426248e.script,AlbedoMap,%databuild_art_root%/asset_library/lighting_suspendedtrack_metalb/texture/lighting_suspendedtrack_metalb_mat_c.png
level.SCNE,lighting_suspendedtrack_metalb:lighting_suspendedtrack_metalb_vcfxshader,simplepbr_CLOD.fx#5533ce6093cfefc9,simplepbr_CLOD.9cad528c1426248e.script,ConeAngleMap,%databuild_art_root%/asset_library/lighting_suspendedtrack_metalb/texture/lighting_suspendedtrack_metalb_mat_ao.png
level.SCNE,lighting_suspendedtrack_metalb:lighting_suspendedtrack_metalb_vcfxshader,simplepbr_CLOD.fx#5533ce6093cfefc9,simplepbr_CLOD.9cad528c1426248e.script,EmissiveAlbedoMap,%databuild_art_root%/asset_library/lighting_suspendedtrack_metalb/texture/lighting_suspendedtrack_metalb_mat_e.png
level.SCNE,lighting_suspendedtrack_metalb:lighting_suspendedtrack_metalb_vcfxshader,simplepbr_CLOD.fx#5533ce6093cfefc9,simplepbr_CLOD.9cad528c1426248e.script,MetalMap,%databuild_art_root%/asset_library/lighting_suspendedtrack_metalb/texture/lighting_suspendedtrack_metalb_mat_m.png
level.SCNE,lighting_suspendedtrack_metalb:lighting_suspendedtrack_metalb_vcfxshader,simplepbr_CLOD.fx#5533ce6093cfefc9,simplepbr_CLOD.9cad528c1426248e.script,NormalAndRoughMap,NormalAndRoughMap#4529c4c1_1530
level.SCNE,curtain100x20_arena_straight500c:7783941f:curtain_arena_mat,asset_CLOD.fx#9b8b0db98fddbcf,asset_CLOD.3c6e786bfba65bcb.script,AddOn1NormalMap,%databuild_art_root%/asset_library/_generic_textures/curtain100x20_arena_straight250a_n.png
level.SCNE,curtain100x20_arena_straight500c:7783941f:curtain_arena_mat,asset_CLOD.fx#9b8b0db98fddbcf,asset_CLOD.3c6e786bfba65bcb.script,AddOn2AlbedoMap,%databuild_art_root%/material_library/_generic_textures/grunges/substanceprocedural_dirt_4.tga
level.SCNE,curtain100x20_arena_straight500c:7783941f:curtain_arena_mat,asset_CLOD.fx#9b8b0db98fddbcf,asset_CLOD.3c6e786bfba65bcb.script,AddOn2Sampler,
level.SCNE,curtain100x20_arena_straight500c:7783941f:curtain_arena_mat,asset_CLOD.fx#9b8b0db98fddbcf,asset_CLOD.3c6e786bfba65bcb.script,AlbedoMap,%databuild_art_root%/substance_library/graphs/cloth_cotton/exports/cloth_cotton_basecolor.png
level.SCNE,curtain100x20_arena_straight500c:7783941f:curtain_arena_mat,asset_CLOD.fx#9b8b0db98fddbcf,asset_CLOD.3c6e786bfba65bcb.script,NormalAndRoughMap,NormalAndRoughMap#9f888e21_1575
level.SCNE,clutchtime_court_dornaled:flp_scrf10,led_CLOD.fx#14847e1a08124aa9,led_CLOD.7c5b8d240de87130.script,BaseSampler,
level.SCNE,clutchtime_court_dornaled:flp_scrf10,led_CLOD.fx#14847e1a08124aa9,led_CLOD.7c5b8d240de87130.script,BaseTexture,%databuild_art_root%/material_library/arena_led_s/texture/flp_cr02.png
level.SCNE,clutchtime_ceilingpanel_c:panelc_mat,layer_base_CLOD.fx#72407e286031da1b,layer_base_CLOD.5e02b4571b7eb42d.script,AlbedoMap,%databuild_art_root%/substance_library/graphs/floor_hardwood/exports/floor_hardwood_americancherry_planks_basecolor.png
level.SCNE,clutchtime_ceilingpanel_c:panelc_mat,layer_base_CLOD.fx#72407e286031da1b,layer_base_CLOD.5e02b4571b7eb42d.script,NormalAndRoughMap,NormalAndRoughMap#2e150571_1562
level.SCNE,clutchtime_scorecube_supportpipes:holder_mat,sng_multimaterial_CLOD.fx#dcf4bb7e14b597db,sng_multimaterial_CLOD.b03b46481e2c8b4d.script,basemat_albedo,%databuild_art_root%/substance_library/graphs/painted_metal_scratched/exports/grey_metal_scratched_basecolor.png
level.SCNE,clutchtime_scorecube_supportpipes:holder_mat,sng_multimaterial_CLOD.fx#dcf4bb7e14b597db,sng_multimaterial_CLOD.b03b46481e2c8b4d.script,basemat_metallic,%databuild_art_root%/substance_library/graphs/painted_metal_scratched/exports/painted_metal_scratched_metallic.png
level.SCNE,clutchtime_scorecube_supportpipes:holder_mat,sng_multimaterial_CLOD.fx#dcf4bb7e14b597db,sng_multimaterial_CLOD.b03b46481e2c8b4d.script,basemat_normal,%databuild_art_root%/substance_library/graphs/painted_metal_scratched/exports/painted_metal_scratched_normal.png
level.SCNE,clutchtime_scorecube_supportpipes:holder_mat,sng_multimaterial_CLOD.fx#dcf4bb7e14b597db,sng_multimaterial_CLOD.b03b46481e2c8b4d.script,basemat_roughness,%databuild_art_root%/substance_library/graphs/painted_metal_scratched/exports/painted_metal_scratched_roughness.png
level.SCNE,clutchtime_crowd_seating:chair,asset_CLOD.fx#6bc193fe802afde0,asset_CLOD.7ad989b32bb7317d.script,AddOn1AlbedoMap,%databuild_art_root%/asset_library/_generic_textures/arena_chairseatback_s_albedo_mask.png
level.SCNE,clutchtime_crowd_seating:chair,asset_CLOD.fx#6bc193fe802afde0,asset_CLOD.7ad989b32bb7317d.script,AlbedoMap,%databuild_art_root%/asset_library/_generic_textures/arena_chairseatback_s_albedo.png
level.SCNE,clutchtime_crowd_seating:chair,asset_CLOD.fx#6bc193fe802afde0,asset_CLOD.7ad989b32bb7317d.script,NormalAndRoughMap,NormalAndRoughMap#7f9e138a_1543
level.SCNE,clutchtime_balcony_b:balcony4_mat,asset_CLOD.fx#208c0c57e2b67b71,asset_CLOD.62e37e2d3de966f5.script,AddOn1AlbedoMap,%databuild_art_root%/material_library/_generic_textures/grunges/substanceprocedural_grunge_surface_006.tga
level.SCNE,clutchtime_balcony_b:balcony4_mat,asset_CLOD.fx#208c0c57e2b67b71,asset_CLOD.62e37e2d3de966f5.script,AddOn1RoughMap,%databuild_art_root%/material_library/_generic_textures/grunges/substanceprocedural_grunge_surface_006.tga
level.SCNE,clutchtime_balcony_b:balcony4_mat,asset_CLOD.fx#208c0c57e2b67b71,asset_CLOD.62e37e2d3de966f5.script,AddOn1Sampler,
level.SCNE,clutchtime_balcony_b:balcony4_mat,asset_CLOD.fx#208c0c57e2b67b71,asset_CLOD.62e37e2d3de966f5.script,AlbedoMap,%databuild_art_root%/substance_library/graphs/concrete_spotted/exports/concrete_spotted_basecolor.png
level.SCNE,clutchtime_balcony_b:balcony4_mat,asset_CLOD.fx#208c0c57e2b67b71,asset_CLOD.62e37e2d3de966f5.script,NormalAndRoughMap,NormalAndRoughMap#2e6a4cae_1639
level.SCNE,clutchtime_floor_apron:floor_mat,layer_base_CLOD.fx#72407e286031da1b,layer_base_CLOD.5e02b4571b7eb42d.script,AlbedoMap,%databuild_art_root%/substance_library/graphs/floor_hardwood/exports/floor_hardwood_ash_planks_basecolor.png
level.SCNE,clutchtime_floor_apron:floor_mat,layer_base_CLOD.fx#72407e286031da1b,layer_base_CLOD.5e02b4571b7eb42d.script,NormalAndRoughMap,NormalAndRoughMap#2e150571_1562
level.SCNE,floor_clutchtime_court:floor_line_mat,floor.fx#64ea5c821566f830,floor.8de24a65baa38b23.script,BaseMaterialTexture,BaseMaterialTexture#24fc4126_594
level.SCNE,floor_clutchtime_court:floor_line_mat,floor.fx#64ea5c821566f830,floor.8de24a65baa38b23.script,DetailAlbedoTexture,%databuild_art_root%/material_library/_generic_textures/courts_shared/floor_line.png
level.SCNE,floor_clutchtime_court:floor_line_mat,floor.fx#64ea5c821566f830,floor.8de24a65baa38b23.script,DetailNormalRoughConeTexture,DetailNormalRoughConeTexture#8943058b_2172
level.SCNE,floor_clutchtime_court:floor_line_mat1,floor.fx#64ea5c821566f830,floor.8de24a65baa38b23.script,BaseMaterialTexture,BaseMaterialTexture#24fc4126_594
level.SCNE,floor_clutchtime_court:floor_line_mat1,floor.fx#64ea5c821566f830,floor.8de24a65baa38b23.script,DetailAlbedoTexture,%databuild_art_root%/material_library/_generic_textures/courts_shared/floor_line.png
level.SCNE,floor_clutchtime_court:floor_line_mat1,floor.fx#64ea5c821566f830,floor.8de24a65baa38b23.script,DetailNormalRoughConeTexture,DetailNormalRoughConeTexture#8943058b_2172
level.SCNE,floor_clutchtime_court:area_1_mat,floor.fx#1e7aabcf0cf28f1c,floor.2143c31560ecaec1.script,BaseMaterialTexture,BaseMaterialTexture#24fc4126_594
level.SCNE,floor_clutchtime_court:area_1_mat,floor.fx#1e7aabcf0cf28f1c,floor.2143c31560ecaec1.script,DetailAlbedoTexture,%databuild_art_root%/asset_library/floor_clutchtime_court/texture/floor_clutchtime_court_wood1_basecolor.png
level.SCNE,floor_clutchtime_court:area_1_mat,floor.fx#1e7aabcf0cf28f1c,floor.2143c31560ecaec1.script,DetailNormalRoughConeTexture,DetailNormalRoughConeTexture#8943058b_2172
level.SCNE,floor_clutchtime_court:area_1_mat,floor.fx#1e7aabcf0cf28f1c,floor.2143c31560ecaec1.script,Logo0Texture,%databuild_art_root%/asset_library/floor_clutchtime_court/texture/floor_clutchtime_court.png
